s,C, C, m, Pa, 1 / m, 1 / m, kW, m, m, m ^ 2, m ^ 2,
Time,ULT_1,LLT_1,HGT_1,PRS_1,ULOD_1,LLOD_1,HRR_1,FLHGT_1,FBASE_1,FAREA_1,HVENT_1,
0,20,20,2.69973,0,0.000458753871498629,0.000458753871498629,1E-06,-2.03014695008155,0.3,2.25,1.52,
20,35.9274038973101,20.1012570991986,2.26743273558755,-0.0388195393532339,0.514146983623505,0.00045859522651881,18.7600001692772,-1.27187411432869,0.3,2.25,1.52,
40,72.5175755665937,21.3296176966889,1.64502850826797,-0.0815010609190836,1.59034287929535,0.000456681096693501,75.0400006771088,-0.709223922957336,0.3,2.25,1.52,
60,138.9926308542,24.8642984628048,1.41221945292047,-0.249593602118539,3.41299033164978,0.000451261061243713,168.840001523495,-0.202738121633069,0.3,2.25,1.52,
80,230.912697274076,31.4832233846805,1.38935938004487,-0.508341687732831,5.8951563835144,0.0004414503055159,300.160002708435,0.270406959116673,0.3,2.25,1.52,
100,315.899616023893,41.7032363051272,1.38919795299561,-0.841846622890905,8.69663047790527,0.000427112769102678,469.00000423193,0.720211497210972,0.3,2.25,1.52,
120,390.211612712513,55.5815893762653,1.3751759608881,-1.2400086635535,11.4370584487915,0.000409071129979566,675.360006093979,1.15224995840533,0.3,2.25,1.52,
140,471.158389304503,72.5413193146545,1.35013958906151,-1.65592017179618,13.9695091247559,0.000388991640647873,919.240008294582,1.57005272096559,0.3,2.25,1.52,
160,783.939820621546,412.384764193605,0.398047401680426,-4.90965359273204,5.75799083709717,0.861901223659515,3041.07922258647,3.78029323553392,0.3,2.25,1.52,
180,835.149044710035,637.480338530592,0.356702402587659,-4.5845647576149,24.7451343536377,4.5753755569458,1966.31392305843,2.85014448863619,0.3,2.25,1.52,
200,895.350107539631,711.982100287708,0.363794815413875,-5.36959477710054,19.3784942626953,4.32548666000366,2386.02912037373,3.24289360762692,0.3,2.25,1.52,
220,931.484059382952,763.929141583556,0.364482441305012,-5.52139806223101,16.0558662414551,3.49801349639893,2440.08470595513,3.29036550704889,0.3,2.25,1.52,
240,956.411862902856,799.142687074136,0.363088758148464,-5.48921859074666,15.3633089065552,3.11298727989197,2386.60242507435,3.24340045431169,0.3,2.25,1.52,
260,974.947671272857,828.986418823542,0.361242466396649,-5.36912396326891,14.8315143585205,2.74396347999573,2294.42366074974,3.16094886229429,0.3,2.25,1.52,
280,991.360569649163,849.192736298573,0.362118294893222,-5.45858148642556,12.7840385437012,2.36259746551514,2345.24955976393,3.2066520848214,0.3,2.25,1.52,
300,1008.39622848949,866.956224859507,0.363514151432252,-5.62766784572948,11.5713396072388,2.22231149673462,2439.65074983569,3.2899869303312,0.3,2.25,1.52,
320,1019.89972605005,881.887575150697,0.362560923853038,-5.58636489644202,12.1023797988892,2.25267004966736,2399.63921159202,3.25490634246709,0.3,2.25,1.52,
340,1031.44208759458,895.191096342671,0.36258697429359,-5.6051184062865,11.1294431686401,2.02982211112976,2406.36689810835,3.2608293344237,0.3,2.25,1.52,
360,1042.74193536201,907.45852787899,0.363301888719392,-5.6986692898179,10.6304597854614,1.9836699962616,2457.42560935929,3.30546051081005,0.3,2.25,1.52,
380,1050.56703582698,918.535506022753,0.362532610683804,-5.65058982935228,10.7347631454468,1.93682110309601,2419.86136340588,3.27267985312518,0.3,2.25,1.52,
400,1059.9599408647,927.777586431661,0.363165022544813,-5.72336722817449,9.94988918304443,1.81723153591156,2462.08514734084,3.30950567003392,0.3,2.25,1.52,
420,1066.66759600221,937.068620772664,0.362711948789729,-5.70375292824507,10.1481742858887,1.82321965694427,2442.73829882136,3.29267958280978,0.3,2.25,1.52,
440,1074.22769381888,944.580753029723,0.363059529666996,-5.74780656538138,9.57544040679932,1.7260160446167,2467.51696211263,3.31421548415088,0.3,2.25,1.52,
460,1078.32014118563,950.550965126953,0.362886909097683,-5.74548115199684,9.63045978546143,1.72400569915771,2461.07145480732,3.30862602812723,0.3,2.25,1.52,
480,1083.87086923173,956.254727736436,0.36308003426515,-5.77206498697245,9.26960277557373,1.66043961048126,2476.1199502501,3.32166224566705,0.3,2.25,1.52,
500,1088.78730745365,962.318473168112,0.362932101818153,-5.77112792791814,9.24247264862061,1.64336311817169,2471.72618795608,3.31786094036208,0.3,2.25,1.52,
520,1093.95988534437,967.792988788614,0.36306375021734,-5.79345025476853,9.00309085845947,1.60212671756744,2483.23046976131,3.32780541446486,0.3,2.25,1.52,
540,1098.49832644362,972.970468063163,0.362988697770488,-5.79657913378185,8.88842010498047,1.57196843624115,2482.26735341399,3.32697394380191,0.3,2.25,1.52,
560,1102.85721543449,978.644093961086,0.363074608894952,-5.79257407394126,8.79692935943604,1.55189657211304,2496.11484783836,3.33891010420488,0.3,2.25,1.52,
580,1107.40598464936,981.278813215045,0.363026060537934,-5.81897339923765,8.59111022949219,1.51471173763275,2492.38831650431,3.33570185189339,0.3,2.25,1.52,
600,1111.11639547392,985.939372194037,0.362889514733622,-5.8162351579284,8.58436870574951,1.50651824474335,2485.95456940816,3.3301561174584,0.3,2.25,1.52,
620,1115.07748725277,989.771465559955,0.363051236690961,-5.83759231930515,8.37567806243896,1.47142934799194,2499.75789741224,3.34204370846181,0.3,2.25,1.52,
640,1118.40170762327,993.740439003947,0.362941207207353,-5.83517001873262,8.34906387329102,1.45837652683258,2495.85674718435,3.33868799237357,0.3,2.25,1.52,
660,1121.86854759556,997.472398737852,0.363014160271633,-5.84910218853387,8.23643779754639,1.44014692306519,2502.88582156962,3.34473203703408,0.3,2.25,1.52,
680,1125.07911603423,1000.76472791672,0.363011412360058,-5.85459023801171,8.10560417175293,1.41251909732819,2504.83191400326,3.34640361031548,0.3,2.25,1.52,
700,1127.98858205927,1004.34794842331,0.362957345717977,-5.85697483513636,8.10847473144531,1.40992522239685,2504.20384708453,3.34586422478519,0.3,2.25,1.52,
720,1131.05914198062,1007.29979840673,0.363041199010467,-5.87025244409637,7.95302867889404,1.38322877883911,2511.28336318073,3.35193944026789,0.3,2.25,1.52,
740,1133.68828993837,1010.37673256756,0.362961034472812,-5.86871201509167,7.9288182258606,1.37310802936554,2508.5166337142,3.34956642397957,0.3,2.25,1.52,
760,1136.38137303425,1013.33506097816,0.362988760920037,-5.87691881684963,7.8621940612793,1.36143612861633,2512.28169451543,3.35279532117388,0.3,2.25,1.52,
780,1138.99852944703,1015.88798496182,0.36301473230497,-5.88384585048874,7.74559354782104,1.3389995098114,2515.54441183975,3.35559106374802,0.3,2.25,1.52,
800,1141.3235287317,1018.70893532905,0.362960326599,-5.88442094438975,7.74351692199707,1.33540987968445,2514.24478595008,3.35447770701561,0.3,2.25,1.52,
820,1143.75136891229,1021.17784771095,0.363004317729886,-5.89317737713338,7.65459060668945,1.32007086277008,2518.65617337962,3.35825542971042,0.3,2.25,1.52,
840,1145.98971431429,1023.51545176386,0.362986548183797,-5.89589663187728,7.59029245376587,1.30580198764801,2519.15622500663,3.35868340185382,0.3,2.25,1.52,
860,1148.11720617008,1025.97654807995,0.362968196318531,-5.89885119002039,7.56562757492065,1.29988396167755,2519.75029839131,3.35919177683188,0.3,2.25,1.52,
880,1150.29279426599,1028.1246269734,0.363009095882389,-5.90674405386039,7.48046875,1.28511130809784,2523.76276739221,3.36262354305192,0.3,2.25,1.52,
900,1152.25583965337,1030.29362009835,0.362976740043677,-5.90775631713871,7.44633626937866,1.27623307704926,2523.28383348852,3.36221409477804,0.3,2.25,1.52,
920,1154.19362989388,1032.43219200358,0.36297300658015,-5.91143378901936,7.40894746780396,1.2686094045639,2524.52711453896,3.36327689912207,0.3,2.25,1.52,
940,1156.13841756553,1034.35724909922,0.363000745113586,-5.91744251211288,7.33490085601807,1.25532686710358,2527.52772537304,3.36584064346348,0.3,2.25,1.52,
960,1157.90537619065,1036.33584630894,0.3629724401476,-5.91871443448602,7.31233263015747,1.24916446208954,2527.20410232759,3.36556422540005,0.3,2.25,1.52,
980,1159.67143720009,1038.22367680854,0.362975088888078,-5.92248702121717,7.27075719833374,1.2410386800766,2528.68104076193,3.36682555889778,0.3,2.25,1.52,
1000,1161.4181956436,1039.96685844924,0.362991236231847,-5.92705681355311,7.20937967300415,1.22964370250702,2530.84427978578,3.36867220854881,0.3,2.25,1.52,
1020,1163.03173412159,1041.7664741647,0.362970777781792,-5.92873095901706,7.18870735168457,1.22440135478973,2530.88030763273,3.36870295571204,0.3,2.25,1.52,
1040,1164.64536677651,1043.46238951567,0.362975451575426,-5.93231780666093,7.14802026748657,1.21658372879028,2532.34922482029,3.36995634679262,0.3,2.25,1.52,
1060,1166.22985022297,1045.05406257691,0.36298543060097,-5.93605999851451,7.09642553329468,1.20683562755585,2534.03416337406,3.37139352656382,0.3,2.25,1.52,
1080,1167.70217316238,1046.70409161221,0.362966591192839,-5.9375587506505,7.07940721511841,1.2024519443512,2535.5086442926,3.37265072472393,0.3,2.25,1.52,
1100,1174.97388620719,1039.93339422429,0.364827619225132,-6.10541576627683,5.29052543640137,0.929161250591278,2649.69736465135,3.46871085099842,0.3,2.25,1.52,
1120,1177.05895459617,1040.0639432526,0.364624562869706,-6.10020489933667,5.12383937835693,0.899376749992371,2625.32459871689,3.44841919043714,0.3,2.25,1.52,
1140,1177.65840326404,1041.33945245062,0.365059627754872,-6.11388001316039,5.04483222961426,0.884715557098389,2667.23466620269,3.48324242679527,0.3,2.25,1.52,
1160,1179.41745780227,1041.86780428465,0.365075435885176,-6.13433295692713,4.94588136672974,0.868117034435272,2666.653263673,3.48276159139169,0.3,2.25,1.52,
1180,1181.24432631776,1042.6782013819,0.365153473077718,-6.14502750591192,4.8384428024292,0.849802672863007,2673.82221602979,3.48868611882983,0.3,2.25,1.52,
1200,1182.92298803623,1043.57912759737,0.365205675292992,-6.15213605014011,4.75784778594971,0.83527660369873,2677.98143897276,3.49211899383016,0.3,2.25,1.52,
1220,1184.61209353709,1044.45047621983,0.365285217435073,-6.16154224013197,4.67102575302124,0.820570766925812,2683.83134052126,3.49694188546122,0.3,2.25,1.52,
1240,1186.30944358921,1045.06971135832,0.365377911237426,-6.17185677993075,4.57047986984253,0.80344694852829,2690.40357625653,3.50235278037694,0.3,2.25,1.52,
1260,1187.93160224906,1045.68256235769,0.365444035591926,-6.17976768565034,4.48309803009033,0.787918269634247,2695.31253768682,3.50638913629053,0.3,2.25,1.52,
1280,1189.50447652215,1046.49451043914,0.365511198257902,-6.18796287177921,4.41080808639526,0.775554597377777,2700.39259581119,3.51056153371897,0.3,2.25,1.52,
1300,1191.17294142869,1047.05915646249,0.365586795012287,-6.19790450105022,4.31864023208618,0.759900748729706,2707.21970126867,3.51616142048033,0.3,2.25,1.52,
1320,1192.77596517307,1047.42903176452,0.365680010251052,-6.20769261651417,4.22306966781616,0.743488371372223,2713.65425809626,3.52143157081435,0.3,2.25,1.52,
1340,1194.25191492307,1048.06366184491,0.365730661648096,-6.21425670457718,4.15876245498657,0.731998085975647,2717.55852906005,3.52462566521097,0.3,2.25,1.52,
1360,1195.76610338395,1048.52433441458,0.365815229190599,-6.22337287019258,4.07921886444092,0.718497216701508,2723.50440299381,3.52948471536161,0.3,2.25,1.52,
1380,1197.35119708711,1048.80572236724,0.36589626714141,-6.23332057535197,3.98950004577637,0.703217327594757,2730.50180648525,3.53519494410651,0.3,2.25,1.52,
1400,1198.81470035242,1049.07788746928,0.365965317471807,-6.24082655063011,3.91344404220581,0.689725339412689,2735.32514598813,3.53912591845913,0.3,2.25,1.52,
1420,1200.23756673784,1049.53646960172,0.366037203055631,-6.24870479786722,3.84779691696167,0.678479909896851,2740.37913269437,3.54324040848721,0.3,2.25,1.52,
1440,1201.7358232545,1049.75209848388,0.36611411887451,-6.25802860620264,3.76828026771545,0.664940297603607,2747.02920087042,3.54864735014734,0.3,2.25,1.52,
1460,1203.19957014114,1049.75540517934,0.366215699086898,-6.26780075179715,3.68373250961304,0.650506615638733,2753.58769703128,3.55397215111568,0.3,2.25,1.52,
1480,1204.54810898867,1049.99445176204,0.366275432073668,-6.27426603863546,3.62240743637085,0.639544785022736,2757.73257834616,3.55733343040792,0.3,2.25,1.52,
1500,1205.97336214587,1050.22551664907,0.366344687619883,-6.28262387972645,3.5551655292511,0.628044962882996,2763.69241070454,3.56216123040247,0.3,2.25,1.52,
1520,1207.49614605287,1048.62540913411,0.36642666778879,-6.28593448998592,3.22231936454773,0.57847386598587,2769.78280500739,3.56708834387458,0.3,2.25,1.52,
1540,1209.32986422169,1033.96645456185,0.366515047349538,-6.28883769257817,2.72080159187317,0.487552404403687,2775.63099133009,3.57181339763215,0.3,2.25,1.52,
1560,1210.77998099048,1033.89421061846,0.366566996666214,-6.29621584920011,2.68032789230347,0.479959398508072,2780.21291434179,3.57551119973072,0.3,2.25,1.52,
1580,1212.18704241069,1034.31655272158,0.366649155726756,-6.30501195618586,2.6492440700531,0.474470019340515,2786.10191360532,3.58025850073388,0.3,2.25,1.52,
1600,1213.55139215707,1035.64874376371,0.366708330203181,-6.31389443452543,2.61569714546204,0.468198329210281,2790.29529552938,3.58363524435701,0.3,2.25,1.52,
1620,1214.87568802005,1035.93095200918,0.366798012560026,-6.32241458337433,2.58539819717407,0.462670266628265,2796.72988111262,3.5888108138908,0.3,2.25,1.52,
1640,1215.77578663959,1035.8970276444,0.367154951238983,-6.32678419035871,2.55841970443726,0.457969397306442,2804.2411678418,3.59484338319504,0.3,2.25,1.52,
1660,1215.45591283302,1034.58063161702,0.368293041132004,-6.33384930872968,2.52578520774841,0.45203498005867,2763.58346442013,3.56207303385401,0.3,2.25,1.52,
1680,1210.41429888126,1028.30374944401,0.37015910866472,-6.34275530501532,2.49471592903137,0.447794497013092,2720.6061539648,3.5271170222641,0.3,2.25,1.52,
1700,1204.94026114879,1021.41480946965,0.371625451616854,-6.34228959663194,2.46991300582886,0.444927275180817,2687.45942913201,3.49992985778403,0.3,2.25,1.52,
1720,1199.10306308964,1014.35369405805,0.373372777690411,-6.35069301027311,2.44695258140564,0.442415475845337,2651.09514582441,3.46987117842959,0.3,2.25,1.52,
1740,1192.20329350449,1005.92856369883,0.375332975885229,-6.35493671629597,2.4210352897644,0.439700394868851,2610.81964290063,3.43628932917807,0.3,2.25,1.52,
1760,1184.51700451944,996.528463689215,0.377483091802264,-6.35901794363549,2.39385199546814,0.436931431293488,2568.62980476938,3.40077626373896,0.3,2.25,1.52,
1780,1177.35792279308,987.611748839313,0.379201919217869,-6.35648326402144,2.37142014503479,0.434927046298981,2535.99055781618,3.37306152729069,0.3,2.25,1.52,
1800,1171.79406227947,980.268392526833,0.381191226707146,-6.36487120353434,2.34758067131042,0.432000994682312,2499.68394685145,3.3419801264288,0.3,2.25,1.52,
1820,1163.92079130348,971.671044227678,0.383475739734561,-6.36874028987876,2.32221078872681,0.429083049297333,2459.62582925734,3.3073711958443,0.3,2.25,1.52,
1840,1155.44974692096,961.281561905127,0.385968299452679,-6.37161175544301,2.29548072814941,0.426354497671127,2417.74664582159,3.27082538302285,0.3,2.25,1.52,
1860,1147.39077530481,951.310396743695,0.388106978653184,-6.37201172010881,2.27258920669556,0.42420169711113,2383.9987518222,3.24109801343663,0.3,2.25,1.52,
1880,1139.36895013318,941.504114672974,0.390468608066068,-6.37480015987159,2.25080966949463,0.422223836183548,2347.55255689715,3.20870882731128,0.3,2.25,1.52,
1900,1130.56617210456,930.705112012438,0.393166541169024,-6.37644730474847,2.22579789161682,0.419723898172379,2307.33527971315,3.1726162271801,0.3,2.25,1.52,
1920,1121.39092425238,917.623438985515,0.395958195761794,-6.3874346871038,2.19889640808105,0.417530655860901,2265.18043824138,3.13437726530919,0.3,2.25,1.52,
1940,1111.96325492133,905.598953970298,0.398831736707819,-6.37583711721093,2.17456078529358,0.415237218141556,2228.92000692452,3.10114211283781,0.3,2.25,1.52,
1960,1103.04336127656,894.646724091956,0.40163211943428,-6.37579807620907,2.1527099609375,0.413224041461945,2192.35488373426,3.06729753244112,0.3,2.25,1.52,
1980,1093.42145714178,882.773299018393,0.404842173373938,-6.37549892855066,2.12764263153076,0.410598784685135,2152.03205970791,3.02957979109225,0.3,2.25,1.52,
2000,1082.92764886742,873.065942836556,0.408389601969822,-6.37760285589452,2.10088181495667,0.406551778316498,2109.6927959327,2.98951667116698,0.3,2.25,1.52,
2020,1074.10085450256,861.152001852848,0.411837144159826,-6.37603313563219,2.07220339775085,0.402723133563995,2069.4706525034,2.95100752548109,0.3,2.25,1.52,
2040,1064.97981131111,849.787050701196,0.415121869616881,-6.37415859235414,2.04882550239563,0.400035679340363,2033.47612401519,2.91616335275082,0.3,2.25,1.52,
2060,1054.9262144777,837.313683244991,0.418926972027165,-6.37174473022914,2.02344155311584,0.39698001742363,1993.43284902035,2.87696216513764,0.3,2.25,1.52,
2080,1044.18857023203,823.937398760886,0.42312348636056,-6.36841809167606,1.99616408348084,0.393531829118729,1951.32701965625,2.83522877632987,0.3,2.25,1.52,
2100,1021.23713068125,798.941370341246,0.428500882555577,-6.35668131634198,1.98143768310547,0.396512508392334,1908.06183680735,2.79177955432911,0.3,2.25,1.52,
2120,1006.87927104803,781.783789216089,0.432851301772144,-6.34714085195581,1.96169817447662,0.395743161439896,1871.30417584801,2.75439872606999,0.3,2.25,1.52,
2140,994.272694554719,770.508632425837,0.437519536918532,-6.34381846068471,1.93934047222137,0.392063349485397,1832.09273697993,2.71403360456186,0.3,2.25,1.52,
2160,982.168524564136,755.476372453459,0.442630393003676,-6.33539981354851,1.91327881813049,0.388714522123337,1790.53803586466,2.67068643801551,0.3,2.25,1.52,
2180,972.118107762828,741.516357897311,0.447946425344305,-6.32657079908502,1.88288295269012,0.383705765008926,1747.72938958851,2.62539531127418,0.3,2.25,1.52,
2200,960.321404484116,726.533576250852,0.453702493151071,-6.31617485199311,1.85280680656433,0.378794759511948,1705.43365352992,2.57998833181256,0.3,2.25,1.52,
2220,948.912103650968,712.102130148503,0.459042600679286,-6.30463948070132,1.82740569114685,0.374940872192383,1668.06100687933,2.53930090563044,0.3,2.25,1.52,
2240,937.035393485104,697.169549908885,0.465095126111292,-6.29208078588111,1.80064845085144,0.370538175106049,1627.58970458844,2.49461826778945,0.3,2.25,1.52,
2260,924.650337265329,681.515762358132,0.471727189903495,-6.277499427471,1.77196955680847,0.365488916635513,1585.45619142788,2.44738637870512,0.3,2.25,1.52,
2280,911.321012435158,670.681018849431,0.478957109326569,-6.26981062085452,1.74237811565399,0.357745945453644,1542.40366436563,2.39833973504954,0.3,2.25,1.52,
2300,898.204403058945,654.070946931606,0.486501903154684,-6.25089886237987,1.71205520629883,0.351783484220505,1499.84110646045,2.34903703758529,0.3,2.25,1.52,
2320,885.592516921261,638.066478923479,0.493656919767689,-6.23075905792195,1.68515717983246,0.34659743309021,1461.5066480185,2.30390830029756,0.3,2.25,1.52,
2340,875.359869462447,622.800268514182,0.501217622904324,-6.20838374784836,1.65465176105499,0.339826494455338,1420.65536750404,2.2550279339596,0.3,2.25,1.52,
2360,863.219551780232,606.988719371746,0.509969856328947,-6.18676125323463,1.62241816520691,0.332285463809967,1378.35382184358,2.20351510921884,0.3,2.25,1.52,
2380,849.885595168342,589.764022913288,0.519377084708147,-6.15944289330881,1.5906046628952,0.324685573577881,1335.23876515583,2.15002597487684,0.3,2.25,1.52,
2400,835.434881384098,576.982269663994,0.529786160019948,-6.13463739842288,1.5585058927536,0.313960462808609,1291.71177440414,2.0949639173328,0.3,2.25,1.52,
2420,821.636600226256,561.327902546915,0.539461969625044,-6.11016866218633,1.52816259860992,0.30581733584404,1251.97368182257,2.04371416341769,0.3,2.25,1.52,
2440,807.801124521008,543.528709269374,0.550045909404879,-6.0739205424249,1.49883341789246,0.297944784164429,1211.41069302106,1.99038370313614,0.3,2.25,1.52,
2460,793.521731928654,524.993162488422,0.561625116677902,-6.03254649972332,1.46780359745026,0.289121270179749,1169.46643654096,1.93409804737285,0.3,2.25,1.52,
2480,778.902725833105,505.819970094393,0.574124523272589,-5.98544887756105,1.43550086021423,0.279445767402649,1126.75076973492,1.87551805499242,0.3,2.25,1.52,
2500,768.61338284916,488.180186715113,0.586803123988534,-5.93562268085928,1.39731860160828,0.267383605241776,1083.59501600518,1.81496515908804,0.3,2.25,1.52,
2520,747.120539823547,472.109805194308,0.602672697517615,-5.89703587666211,1.36755359172821,0.254372775554657,1040.1979417556,1.75259626912515,0.3,2.25,1.52,
2540,729.873389178811,449.218959059928,0.616823404109607,-5.8201843213114,1.34002339839935,0.245752796530724,1000.24925741688,1.6937878161871,0.3,2.25,1.52,
2560,713.537131487145,427.99518410175,0.632302895772965,-5.74484548742614,1.30996632575989,0.23479051887989,959.1208227954,1.63175110447102,0.3,2.25,1.52,
2580,697.076429036843,406.374688417251,0.649112730304652,-5.66037972059108,1.27802109718323,0.222536742687225,917.043603909228,1.56660847310335,0.3,2.25,1.52,
2600,680.365443751441,384.174366771549,0.667209677768745,-5.56424085355273,1.24490737915039,0.20919232070446,874.404942246408,1.49874029587411,0.3,2.25,1.52,
2620,667.861406382899,370.649794976302,0.685937064646195,-5.49482801674725,1.20481061935425,0.189431682229042,831.403960366131,1.42825311111528,0.3,2.25,1.52,
2640,651.749702201092,348.171400062802,0.706757959126579,-5.38024528577733,1.16839218139648,0.173729002475739,788.120530173439,1.35505756469892,0.3,2.25,1.52,
2660,634.982188779322,324.45457426934,0.728557522464628,-5.24286335343924,1.132652759552,0.15739269554615,745.617206437587,1.28079474040857,0.3,2.25,1.52,
2680,618.999434357302,300.984709795361,0.747008275736214,-5.08315574295198,1.0992842912674,0.14164300262928,713.915180935359,1.22373399913693,0.3,2.25,1.52,
2700,608.387112030508,287.687259322333,0.752764529059276,-4.9832473639896,1.08985829353333,0.137769654393196,704.118770367609,1.20579475384922,0.3,2.25,1.52,
2720,599.219108486674,278.320718329037,0.759046527058581,-4.91499454002419,1.08708655834198,0.135693863034248,693.784360663191,1.18670725265519,0.3,2.25,1.52,
2740,589.70997129106,275.573971700205,0.76596379879476,-4.89071082763412,1.08316040039063,0.129038736224175,683.119115601591,1.16682897459577,0.3,2.25,1.52,
2760,581.612961464337,266.866859690728,0.772724065507829,-4.82534410428772,1.07925593852997,0.127010300755501,672.249211680097,1.14637669947212,0.3,2.25,1.52,
2780,576.91822486698,258.874342386236,0.777910749113484,-4.75817409216225,1.07170617580414,0.123520560562611,661.253502009936,1.12548482067434,0.3,2.25,1.52,
2800,572.354993170509,251.884302748649,0.785506246454388,-4.6992795773486,1.06270694732666,0.11935605853796,650.185618481363,1.10424423439797,0.3,2.25,1.52,
2820,565.844787245728,244.480093418993,0.791839271153241,-4.63420385172134,1.05658328533173,0.115789897739887,640.426363117223,1.08533434055409,0.3,2.25,1.52,
2840,559.393088059802,237.622567486613,0.7981644010405,-4.57255804876562,1.05166840553284,0.112670749425888,630.62918437324,1.06617624686512,0.3,2.25,1.52,
2860,552.911110255955,230.766060204127,0.804860966613165,-4.50870390019479,1.04641795158386,0.109303914010525,620.365355233924,1.0459131092484,0.3,2.25,1.52,
2880,546.422810004888,223.870796348986,0.811831095279971,-4.44189296290449,1.0407030582428,0.105679750442505,609.81029336147,1.0248641089348,0.3,2.25,1.52,
2900,539.955989161016,216.991784642568,0.819012093032631,-4.37255960937264,1.03464043140411,0.101863890886307,599.077620029165,1.00323554832078,0.3,2.25,1.52,
2920,533.529956539542,210.172902321486,0.826362858466706,-4.30109827795722,1.02832961082459,0.0979080349206924,588.243722586187,0.981165901052368,0.3,2.25,1.52,
2940,527.167211167776,203.449308980082,0.833849554667915,-4.22784789899196,1.02183389663696,0.0938479378819466,577.364479415557,0.95875707879737,0.3,2.25,1.52,
2960,520.86424810818,196.838162248121,0.841456835817,-4.1530237840535,1.01522052288055,0.0897205844521523,566.483621178786,0.936090066627802,0.3,2.25,1.52,
2980,514.632348745109,190.359643882454,0.849157245056015,-4.07686424937866,1.00853359699249,0.0855514034628868,555.636375758002,0.913231540229404,0.3,2.25,1.52,
3000,508.479679768576,184.029130685337,0.856936711646524,-3.99960131696506,1.00180399417877,0.0813618376851082,544.849370133112,0.890232867157738,0.3,2.25,1.52,
3020,502.500418115531,177.929824358798,0.864370007411436,-3.92205421435993,0.995326578617096,0.0773140415549278,534.763726783758,0.868481095513258,0.3,2.25,1.52,
3040,496.648745028594,173.914295157619,0.871982154700734,-3.86690133653674,0.98841005563736,0.0716297551989555,524.726213614934,0.846587347584891,0.3,2.25,1.52,
3060,490.889552292164,168.320577494349,0.879638062759617,-3.79206620803067,0.982017517089844,0.0677221789956093,514.632193433354,0.824315442151716,0.3,2.25,1.52,
3080,485.174499596748,162.777972301823,0.887411693584735,-3.71507741908598,0.975651741027832,0.0637533068656921,504.513583788474,0.801724634519714,0.3,2.25,1.52,
3100,479.535958903092,157.051435352768,0.895253441138092,-3.63319151376623,0.969370782375336,0.0601181127130985,494.426162604959,0.77893121334536,0.3,2.25,1.52,
3120,480.646005689478,163.063122379022,0.902598484624662,-3.695454391441,0.949784755706787,0.0435839928686619,484.406307673055,0.756012536243516,0.3,2.25,1.52,
3140,477.693685839774,158.041849335373,0.910862547794024,-3.62509192820615,0.938456892967224,0.0389335490763187,474.480165549521,0.733026003316106,0.3,2.25,1.52,
3160,476.968954769178,152.950358056966,0.917631325981202,-3.54378297722018,0.926392376422882,0.0346559546887875,464.666756414175,0.710015123700314,0.3,2.25,1.52,
3180,476.146711638802,148.027462710779,0.925808718492991,-3.47434277491636,0.914518713951111,0.0306366421282291,454.980074771059,0.687013635278642,0.3,2.25,1.52,
3200,472.639384413533,142.555389526586,0.934071606085099,-3.38555033705968,0.905846178531647,0.0272297691553831,445.430582521139,0.664048470182013,0.3,2.25,1.52,
3220,468.799079065549,137.607320143475,0.942170801106887,-3.30449880377915,0.897879779338837,0.0236771330237389,436.026490661685,0.641142435020895,0.3,2.25,1.52,
3240,464.833849516235,132.827828218555,0.95027803273963,-3.22378922089044,0.890335857868195,0.0203123353421688,426.772449725883,0.618310669296976,0.3,2.25,1.52,
3260,460.814119049502,128.213705238859,0.95839487672931,-3.14344890692538,0.883085906505585,0.0171032752841711,417.6724910382,0.595567523335709,0.3,2.25,1.52,
3280,456.839554977079,123.620369068063,0.96636482423375,-3.06439052702621,0.876006066799164,0.0141382124274969,408.729950737148,0.572926297377,0.3,2.25,1.52,
3300,452.774923688545,119.176035699107,0.974588119267687,-2.97945127117106,0.869460046291351,0.0115718310698867,399.947678503984,0.55039969545814,0.3,2.25,1.52,
3320,448.781432712613,115.104135504797,0.98270770625852,-2.90182183390484,0.862836420536041,0.00877122767269611,391.328210843313,0.528000223437201,0.3,2.25,1.52,
3340,444.825965355751,111.206235646154,0.990819949624862,-2.82540969125884,0.856332004070282,0.00608807941898704,382.873912886742,0.505740535468451,0.3,2.25,1.52,
3360,440.916199876918,107.485888242244,0.998918109758535,-2.75047491778794,0.849964201450348,0.00352304382249713,374.587275371951,0.483634224305472,0.3,2.25,1.52,
3380,437.051144083158,103.995551056878,1.00718013379663,-2.67769515632718,0.843729257583618,0.00121670658700168,366.468951586196,0.46169052403158,0.3,2.25,1.52,
3400,433.085635758958,102.130006752445,1.01753331900683,-2.62946217286186,0.83744215965271,0.000514373939950019,358.519474501454,0.43991873468776,0.3,2.25,1.52,
3420,429.237935385555,101.495745541934,1.02841057824216,-2.60709397135691,0.830918848514557,0.00038820444024168,350.738839183003,0.418327045852944,0.3,2.25,1.52,
3440,425.488337548779,101.124556864855,1.03922633932458,-2.59139715075166,0.824478507041931,0.000364928448107094,343.126427365465,0.39692223467918,0.3,2.25,1.52,
3460,421.79896629159,100.786017294889,1.04991122831835,-2.57710071772082,0.818219065666199,0.000360717909643427,335.680994136546,0.375709520750654,0.3,2.25,1.52,
3480,418.160762772299,100.43939496899,1.06046635043343,-2.56315324738427,0.812145233154297,0.000360157253453508,328.400727841712,0.354692625891964,0.3,2.25,1.52,
3500,414.572483373007,100.080351171669,1.07090212631739,-2.54936064445994,0.806243002414703,0.000360322679625824,321.283468410286,0.333874309446994,0.3,2.25,1.52,
3520,410.931647639405,100.001664583923,1.08150242622866,-2.54093159040512,0.800522267818451,0.000360361154889688,314.326963750473,0.31325706380666,0.3,2.25,1.52,
3540,407.34337546519,100.014959687656,1.09207316365284,-2.53476883099057,0.794882297515869,0.000360340374754742,307.527775401356,0.292839784906253,0.3,2.25,1.52,
3560,403.82120944208,100.01078763071,1.1025196140504,-2.52890708116124,0.789346694946289,0.000360342703061178,300.882541357502,0.272621399055919,0.3,2.25,1.52,
3580,400.345319479538,100.009366569297,1.11288153122263,-2.52349801779936,0.783933997154236,0.000360343692591414,294.387781569959,0.252600264821435,0.3,2.25,1.52,
3600,396.913339848648,100.012076521668,1.12317897154003,-2.51837492712696,0.778643786907196,0.000360341015039012,288.039916247294,0.232774196533902,0.3,2.25,1.52,
3620,393.544631839499,99.9853865629769,1.13335800656919,-2.51303260655903,0.773453593254089,0.000360366830136627,281.835296778088,0.21314053141336,0.3,2.25,1.52,
3640,390.187126404272,100.001437685795,1.14355082385175,-2.50822607066722,0.768402993679047,0.000360351317794994,275.770231755435,0.193696187632056,0.3,2.25,1.52,
3660,386.91535221364,99.984358775344,1.15357462583872,-2.50391055966746,0.763406991958618,0.000360367819666862,269.841029010495,0.174437780515709,0.3,2.25,1.52,
3680,383.666828864458,99.9861008269485,1.16358549401969,-2.49964543942761,0.758531510829926,0.000360366160748526,264.044042128486,0.155361763760038,0.3,2.25,1.52,
3700,380.453729354655,99.9971359116,1.17355633098006,-2.49544847779578,0.753757774829865,0.000360355508746579,258.376118988917,0.136465931472295,0.3,2.25,1.52,
3720,377.396251344157,99.8107720801074,1.18317347652168,-2.48850024258185,0.748986065387726,0.000360535661457106,252.833387046742,0.11774538408944,0.3,2.25,1.52,
3740,376.977737615855,99.5596979638079,1.19134658756453,-2.47730443897757,0.741793811321259,0.000360778707545251,247.412378610407,0.0991962328632932,0.3,2.25,1.52,
3760,376.913045362658,99.3823433497063,1.20049771205468,-2.47065495026488,0.734226644039154,0.000360950536560267,242.10976017893,0.0808147315648693,0.3,2.25,1.52,
3780,374.745384117975,99.1373550532202,1.21064632088514,-2.46268520438354,0.728738784790039,0.000361188198439777,236.922341219156,0.0625973248543068,0.3,2.25,1.52,
3800,369.547861221702,99.2671149381011,1.22087610297184,-2.46161867354512,0.726372122764587,0.000361062295269221,231.847060054472,0.0445406178946692,0.3,2.25,1.52,
3820,367.120136640864,99.0845362313029,1.22997203596745,-2.45545497014479,0.721691071987152,0.000361239479389042,226.880974064871,0.0266413585262208,0.3,2.25,1.52,
3840,364.647193324617,98.796315769199,1.23911407988797,-2.44664515381162,0.717093169689178,0.000361519545549527,222.021262002525,0.0088964619711529,0.3,2.25,1.52,
3860,362.15562883303,98.4674846614772,1.24814397570827,-2.4370312040966,0.712618231773376,0.00036183962947689,217.265244792982,-0.00869689423254627,0.3,2.25,1.52,
3880,359.661906069693,98.1176095501683,1.25707951206549,-2.42704423211444,0.708258330821991,0.000362180784577504,212.61041025624,-0.0261411536475369,0.3,2.25,1.52,
3900,357.175815331432,97.7554173054456,1.26592972132278,-2.41686806187156,0.703997433185577,0.000362534628948197,208.054419095356,-0.0434383275973722,0.3,2.25,1.52,
3920,354.703663348353,97.3855102422662,1.27469877717328,-2.40659636223156,0.699823498725891,0.000362896738806739,203.595327197183,-0.060589101293036,0.3,2.25,1.52,
3940,352.249674759412,97.010624472065,1.28338926402458,-2.39628322921716,0.695727467536926,0.00036326443660073,199.230875103835,-0.0775955295743518,0.3,2.25,1.52,
3960,349.816762150994,96.6325495127761,1.29200273677259,-2.38596244664808,0.691702544689178,0.000363636063411832,194.95906989735,-0.0944588125320012,0.3,2.25,1.52,
3980,347.406998471298,96.2525142891247,1.30054000154458,-2.37565645880767,0.687743484973907,0.000364010338671505,190.778010500658,-0.111179938515247,0.3,2.25,1.52,
4000,345.021868134255,95.8714008244443,1.30900145177117,-2.36538068127868,0.683846116065979,0.000364386447472498,186.685880317015,-0.127759697475375,0.3,2.25,1.52,
4020,342.662434416191,95.4898630288006,1.31738725004392,-2.35514598198369,0.680006921291351,0.000364763778634369,182.680911370723,-0.14419881368046,0.3,2.25,1.52,
4040,340.329448408483,95.1083989024492,1.32569742974511,-2.34496017677835,0.67622309923172,0.000365141837392002,178.761373386276,-0.160497985015223,0.3,2.25,1.52,
4060,338.023426776588,94.727395879219,1.33393194571419,-2.33482894183335,0.67249208688736,0.00036552018718794,174.925571093184,-0.176657890682465,0.3,2.25,1.52,
4080,335.744707379585,94.3471607089806,1.34209070282623,-2.32475642553738,0.668811798095703,0.000365898566087708,171.171842997868,-0.192679193298389,0.3,2.25,1.52,
4100,333.493489097718,93.9679396804974,1.35017358105711,-2.31474565586049,0.665180206298828,0.000366276741260663,167.498557143045,-0.208562554334688,0.3,2.25,1.52,
4120,331.269861140903,93.5899330414184,1.35818046054245,-2.3047988288255,0.661595523357391,0.0003666544216685,163.904105415237,-0.224308657241136,0.3,2.25,1.52,
4140,329.073825056884,93.2133055101385,1.36611123817002,-2.29491750162346,0.658056259155273,0.000367031578207389,160.386900593157,-0.239918220166568,0.3,2.25,1.52,
4160,326.905311647222,92.83819390433,1.37396583502503,-2.28510275978474,0.654560923576355,0.000367407919839025,156.945377451256,-0.255391991292331,0.3,2.25,1.52,
4180,324.764195629999,92.4647127716563,1.38174419414001,-2.2753553044476,0.651108086109161,0.000367783446563408,153.57799499901,-0.270730738524575,0.3,2.25,1.52,
4200,322.650311456075,92.0929594936152,1.38944618030703,-2.26567551774905,0.647696554660797,0.000368157954653725,150.283312563062,-0.285934895325862,0.3,2.25,1.52,
4220,320.563466761733,91.7230119611583,1.39707165194221,-2.25606368377429,0.644325196743011,0.000368531415006146,147.059825102806,-0.301005311688431,0.3,2.25,1.52,
4240,318.503405880228,91.3549406033229,1.40462087720621,-2.24651972060686,0.640992939472198,0.000368903740309179,143.905985139541,-0.31594317533868,0.3,2.25,1.52,
4260,316.469862352016,90.9888076890539,1.41209394244394,-2.23704353732921,0.637698531150818,0.000369274872355163,140.820341834356,-0.330749359874664,0.3,2.25,1.52,
4280,314.462552450738,90.6246646011315,1.41949095538533,-2.22763490893272,0.634441018104553,0.000369644694728777,137.801459513114,-0.345424800031032,0.3,2.25,1.52,
4300,312.481175845218,90.2625556489215,1.42681206192649,-2.21829350763451,0.631219387054443,0.00037001320743002,134.847930502226,-0.359970429768733,0.3,2.25,1.52,
4320,310.525420547749,89.9025188618434,1.43405742082115,-2.20901893979828,0.628032803535461,0.000370380323147401,131.958375037707,-0.374387180292932,0.3,2.25,1.52,
4340,308.594965221518,89.544586884984,1.44122721883909,-2.19981075617502,0.624880373477936,0.000370746041880921,129.13143667204,-0.388676000856317,0.3,2.25,1.52,
4360,306.689480710884,89.1887878162706,1.44832167408027,-2.19066846732424,0.621761202812195,0.000371110276319087,126.365781486708,-0.402837861620704,0.3,2.25,1.52,
4380,304.779870669886,88.8349880773144,1.45537475756887,-2.18162285132179,0.618703186511993,0.000371473201084882,123.660098982338,-0.416873747970139,0.3,2.25,1.52,
4400,302.915321515354,88.4852031707761,1.4622931475687,-2.17261578387559,0.61565500497818,0.000371832662494853,121.013103423427,-0.430784651953391,0.3,2.25,1.52,
4420,301.085657570674,88.1362347999267,1.46916140309245,-2.16367766989203,0.612629413604736,0.000372192007489502,118.423534178291,-0.444571568435951,0.3,2.25,1.52,
4440,299.27859933922,87.7894817340409,1.47595768699563,-2.15480079669876,0.609633922576904,0.000372549751773477,115.890154813863,-0.458235497729176,0.3,2.25,1.52,
4460,297.48967146401,87.4448760642443,1.48268656951634,-2.14600148182727,0.606672823429108,0.000372905924450606,113.411751939025,-0.471777449837862,0.3,2.25,1.52,
4480,295.724530718804,87.1029246656686,1.4893307263542,-2.13724216464917,0.603739261627197,0.000373260088963434,110.987134894872,-0.48519844434467,0.3,2.25,1.52,
4500,293.985656145196,86.7628854844191,1.4959056429864,-2.12855398626844,0.600830912590027,0.000373612943803892,108.615136393736,-0.498499504942663,0.3,2.25,1.52,
4520,292.268658227479,86.4250694224353,1.50240852059577,-2.11992584574569,0.597950398921967,0.000373964110622182,106.294613266902,-0.511681652931499,0.3,2.25,1.52,
4540,290.573306709807,86.0894919543502,1.50883903288793,-2.11135807995459,0.595097064971924,0.000374313589418307,104.02444643185,-0.524745904753239,0.3,2.25,1.52,
4560,288.899340059113,85.7561559423517,1.51519758944545,-2.10285009927732,0.592270374298096,0.000374661438399926,101.803540028641,-0.53769327425582,0.3,2.25,1.52,
4580,287.246469591389,85.4250659562743,1.52148463304992,-2.09440136592718,0.589469730854034,0.000375007570255548,99.6308204066264,-0.550524776074572,0.3,2.25,1.52,
4600,285.614395551873,85.0962254873406,1.52770061873738,-2.08601135614202,0.586694478988647,0.000375351955881342,97.505235641879,-0.563241426127643,0.3,2.25,1.52,
4620,284.002813561199,84.7696365743134,1.53384601249465,-2.07767953668408,0.583944141864777,0.00037569465348497,95.4257556381762,-0.575844238626914,0.3,2.25,1.52,
4640,282.411417828126,84.4452998617064,1.53992129039084,-2.06940538279318,0.581218242645264,0.00037603554665111,93.3913723151985,-0.588334222351911,0.3,2.25,1.52,
4660,280.839903288216,84.1232147930776,1.54592693619585,-2.06118835797186,0.578516185283661,0.000376374722691253,91.4010993635429,-0.600712379387789,0.3,2.25,1.52,
4680,279.287966520903,83.8033797153262,1.55186344281368,-2.05302793693623,0.575837552547455,0.000376712123397738,89.4539714981474,-0.612979706998459,0.3,2.25,1.52,
4700,277.755307033346,83.4857921095823,1.55773129722067,-2.04492358891867,0.573181867599487,0.000377047777874395,87.5490545389754,-0.625137130152134,0.3,2.25,1.52,
4720,276.999185525592,83.1945513561162,1.56282820618796,-2.03784718488753,0.569812417030334,0.000377356103854254,85.6854242524253,-0.637185632112672,0.3,2.25,1.52,
4740,276.974814614461,82.931906891926,1.56827712429249,-2.02995622631072,0.565795242786407,0.000377634569304064,83.8621588638314,-0.649126305320971,0.3,2.25,1.52,
4760,276.948049729172,82.6936902332637,1.5738216816891,-2.02270085508267,0.561784684658051,0.000377887539798394,82.0783714436193,-0.66096013988091,0.3,2.25,1.52,
4780,276.08667141651,82.4448130978822,1.57992801160519,-2.01723423990276,0.558587551116943,0.000378152122721076,80.3331953008756,-0.672688113176441,0.3,2.25,1.52,
4800,274.821579066936,82.1825545874635,1.58563909983753,-2.01052197815455,0.555804550647736,0.000378431344870478,78.6257829703035,-0.684311193637914,0.3,2.25,1.52,
4820,273.513281501326,81.9088830899179,1.59116649018931,-2.00353701682408,0.55312967300415,0.000378723198082298,76.9553056502565,-0.695830341741913,0.3,2.25,1.52,
4840,272.193219374792,81.6297081304413,1.59660560825875,-1.99640926634403,0.550521790981293,0.000379021395929158,75.3209534524351,-0.707246505443326,0.3,2.25,1.52,
4860,270.871422504773,81.3482087833233,1.60197119250428,-1.98921985582183,0.547961592674255,0.000379322504159063,73.7219367737159,-0.718560607318825,0.3,2.25,1.52,
4880,269.55299685641,81.065847516196,1.60726780129346,-1.9820065355733,0.545438766479492,0.000379625038476661,72.1574883112365,-0.729773526140183,0.3,2.25,1.52,
4900,268.240918434604,80.7834015456846,1.61249770750861,-1.97478889360059,0.542947769165039,0.000379928125767037,70.6268646297724,-0.740886080389664,0.3,2.25,1.52,
4920,266.93706599382,80.5013468683866,1.61766233891557,-1.96757862371248,0.540485084056854,0.000380231300368905,69.1293464233325,-0.751899020309074,0.3,2.25,1.52,
4940,265.642687913923,80.2200043620082,1.62276272669322,-1.96038343259968,0.538048326969147,0.000380534183932468,67.664237366867,-0.762813030091861,0.3,2.25,1.52,
4960,264.358640562145,79.9396039562424,1.62779968571692,-1.953208735805,0.535636007785797,0.000380836514523253,66.2308620253079,-0.773628737611994,0.3,2.25,1.52,
4980,263.085521920106,79.6603171091267,1.63277390266421,-1.9460584986794,0.533246755599976,0.000381138175725937,64.8285634249648,-0.78434672770394,0.3,2.25,1.52,
5000,261.823751641312,79.382275311117,1.63768598428913,-1.93893571179469,0.530879557132721,0.000381438905606046,63.4567007017942,-0.794967556044321,0.3,2.25,1.52,
5020,260.573622116227,79.1055814471307,1.6425364875742,-1.93184267425795,0.528533697128296,0.000381738675059751,62.114647007144,-0.805491762211445,0.3,2.25,1.52,
5040,259.335332980487,78.83031728188,1.64732593863343,-1.92478117939869,0.526208579540253,0.000382037367671728,60.8017876779508,-0.815919881738568,0.3,2.25,1.52,
5060,258.109012831357,78.5565485120681,1.65205484975608,-1.91775264906261,0.523903429508209,0.000382334925234318,59.5175186624754,-0.826252457092124,0.3,2.25,1.52,
5080,256.894737178447,78.2843284125005,1.65672372682793,-1.91075820950491,0.521617949008942,0.000382631202228367,58.2612452304586,-0.83649004719546,0.3,2.25,1.52,
5100,255.692539130324,78.0137004148356,1.66133307960019,-1.9037987686317,0.519351482391357,0.000382926256861538,57.0323810390458,-0.846633234733432,0.3,2.25,1.52,
5120,254.502419314628,77.7447000690468,1.6658834245267,-1.89687504708375,0.517103850841522,0.000383219943614677,55.8303475910765,-0.856682630695355,0.3,2.25,1.52,
5140,253.324351152301,77.4773565179754,1.67037529011961,-1.88998762804575,0.514874577522278,0.000383512320695445,54.6545740569189,-0.866638876127524,0.3,2.25,1.52,
5160,252.158287444194,77.2116936145563,1.67480921590382,-1.88313697783122,0.512663245201111,0.00038380324258469,53.5044973454744,-0.876502641816529,0.3,2.25,1.52,
5180,250.971157296551,77.0036727360798,1.67927007702479,-1.87767844743151,0.510500013828278,0.00038403135840781,52.3795622939447,-0.886274626853077,0.3,2.25,1.52,
5200,249.751177455547,77.006745982093,1.68391500619288,-1.87800629156184,0.50836980342865,0.000384028011467308,51.2792218796094,-0.895955556835816,0.3,2.25,1.52,
5220,248.575411570403,77.0016457443937,1.68851509519487,-1.87769583962662,0.506204128265381,0.000384033599402756,50.2029374158579,-0.905546182028888,0.3,2.25,1.52,
5240,247.407979610095,77.0038632873286,1.69307681422503,-1.87688930995398,0.504047870635986,0.000384031154680997,49.1501787566522,-0.915047275258148,0.3,2.25,1.52,
5260,246.254304060546,77.0076805616043,1.69758188478605,-1.87768958228882,0.501901090145111,0.000384026992833242,48.1204245394568,-0.92445962925501,0.3,2.25,1.52,
5280,245.111101202141,76.9997356161535,1.70202066674011,-1.87671199220568,0.499770492315292,0.000384035694878548,47.1131624688416,-0.93378405338749,0.3,2.25,1.52,
5300,243.823716771641,76.9921917832007,1.70649471928118,-1.87750456726431,0.497798502445221,0.000384043960366398,46.1278895986799,-0.943021370132065,0.3,2.25,1.52,
5320,242.630404883623,76.9885034719809,1.71076515260148,-1.87830330146111,0.495766252279282,0.000384048034902662,45.1641348343344,-0.95217219894087,0.3,2.25,1.52,
5340,241.507490088205,76.9850869527523,1.71500868970303,-1.87876687160234,0.493700563907623,0.000384051760192961,44.2213961009495,-0.961237549379701,0.3,2.25,1.52,
5360,240.343765960684,76.9918106686832,1.71925332540631,-1.87723517082947,0.491697520017624,0.000384044367820024,43.299194280979,-0.970218315740401,0.3,2.25,1.52,
5380,239.217153249121,76.9911368080977,1.72339566734463,-1.87725950157588,0.489685624837875,0.000384045124519616,42.3970650456821,-0.979115348504688,0.3,2.25,1.52,
5400,238.152126208517,76.8829829161641,1.72735652993403,-1.87504412174741,0.487646907567978,0.00038416386814788,41.5145539522309,-0.987929498773691,0.3,2.25,1.52,
5420,237.120472420641,76.6595842458994,1.73112812755237,-1.86947949144591,0.48562091588974,0.000384409300750121,40.6512160780267,-0.99666162004828,0.3,2.25,1.52,
5440,236.095215988162,76.4102701862544,1.73480326347103,-1.86313168106997,0.483630120754242,0.000384683662559837,39.8066158369642,-1.00531256830188,0.3,2.25,1.52,
5460,235.079715775566,76.1560359667409,1.73841379629089,-1.85662101158107,0.481665074825287,0.000384963786927983,38.9803268818013,-1.013883201188,0.3,2.25,1.52,
5480,234.075363560415,75.9020452945227,1.74197157829995,-1.85009984070044,0.479719161987305,0.000385244027711451,38.1719320296151,-1.02237437697153,0.3,2.25,1.52,
5500,233.082330674055,75.6496285958881,1.7454805631841,-1.84360738858097,0.477788925170898,0.000385522958822548,37.3810232012705,-1.03078695325903,0.3,2.25,1.52,
5520,232.100440176223,75.3991378928365,1.74894230156807,-1.83715413478151,0.475872546434402,0.000385800172807649,36.6072013671415,-1.03912178559801,0.3,2.25,1.52,
5540,231.129441732675,75.1506623311273,1.75235766660228,-1.83074286461059,0.473968923091888,0.0003860755241476,35.8500765152603,-1.04737972576025,0.3,2.25,1.52,
5560,230.169083970199,74.9042160981994,1.75572733781399,-1.8243741823328,0.472077637910843,0.000386349071050063,35.1092676383219,-1.05556161972547,0.3,2.25,1.52,
5580,229.219131034668,74.6597903657392,1.75905193433608,-1.81804802400186,0.470198184251785,0.000386620697099715,34.3844027400235,-1.06366830533902,0.3,2.25,1.52,
5600,228.279364608985,74.4173686249206,1.76233205154931,-1.81176410739559,0.468330442905426,0.00038689051871188,33.6751188405243,-1.07170060985171,0.3,2.25,1.52,
5620,227.349581516562,74.1769316618882,1.76556827196936,-1.80552207121195,0.466474205255508,0.000387158477678895,32.9810619581585,-1.07965934760255,0.3,2.25,1.52,
5640,226.429591679328,73.9384593186671,1.76876116783827,-1.7993215260916,0.464629232883453,0.000387424603104591,32.3018870500114,-1.08754531806771,0.3,2.25,1.52,
5660,225.519215921492,73.7019312077755,1.77191130195439,-1.79316207788917,0.462795495986938,0.00038768895319663,31.637257898584,-1.09535930446597,0.3,2.25,1.52,
5680,224.618284387852,73.4673270140447,1.77501922747265,-1.78704333157897,0.460972785949707,0.00038795146974735,30.9868469504712,-1.10310207290355,0.3,2.25,1.52,
5700,223.726635239824,73.2346266185832,1.77808548809136,-1.78096489668872,0.459161072969437,0.000388212240068242,30.350335119207,-1.11077437196185,0.3,2.25,1.52,
5720,222.844113448821,73.0038101755891,1.78111061803155,-1.77492639199054,0.457360059022903,0.000388471235055476,29.7274118651336,-1.11837692892542,0.3,2.25,1.52,
5740,221.970570335772,72.7748581472677,1.78409513114649,-1.76892743969944,0.455569863319397,0.000388728483812884,29.1177767051497,-1.12591042802063,0.3,2.25,1.52,
5760,221.105862291563,72.5477511666586,1.7870395505414,-1.76296767371133,0.453790158033371,0.000388984015444294,28.5211317183576,-1.13337560046652,0.3,2.25,1.52,
5780,220.249850612834,72.3224702818616,1.78994438661541,-1.75704673116188,0.45202100276947,0.000389237800845876,27.9371894127616,-1.14077312559709,0.3,2.25,1.52,
5800,219.402400677135,72.09899680472,1.79281013723111,-1.75116425808836,0.450262188911438,0.000389489869121462,27.3656714051079,-1.14810364305793,0.3,2.25,1.52,
5820,218.563384068098,71.8773125937724,1.79563716906358,-1.7453198847584,0.44851365685463,0.000389740249374881,26.8063349101622,-1.15536740267841,0.3,2.25,1.52,
5840,217.732674598571,71.6573983935381,1.79842603649102,-1.73951329735277,0.446775376796722,0.000389988970709965,26.2588785764402,-1.16256548455339,0.3,2.25,1.52,
5860,216.910146769318,71.4392366820059,1.80117727013637,-1.73374414480278,0.44504714012146,0.000390236004022881,25.7230426874237,-1.16969850775784,0.3,2.25,1.52,
5880,216.095679816531,71.2228100668355,1.80389133722214,-1.72801208309619,0.44332891702652,0.000390481349313632,25.198574345278,-1.17676707167127,0.3,2.25,1.52,
5900,215.289156604096,71.0081010987705,1.80656869479809,-1.72231683812176,0.441620647907257,0.000390725093893707,24.6852267605214,-1.18377176312155,0.3,2.25,1.52,
5920,214.490460467465,70.7950924563249,1.80920979284219,-1.71665805639987,0.439922124147415,0.000390967179555446,24.1827589922608,-1.19071315786937,0.3,2.25,1.52,
5940,213.699479696333,70.5837670390458,1.81181507328155,-1.71103542381291,0.438233315944672,0.000391207722714171,23.6909357581469,-1.19759182127486,0.3,2.25,1.52,
5960,212.916104794919,70.374107924829,1.81438497307691,-1.7054486262991,0.436554163694382,0.00039144660695456,23.2095272672913,-1.20440830873519,0.3,2.25,1.52,
5980,212.1402280938,70.1660983937109,1.81691992391924,-1.69989735627894,0.434884548187256,0.000391683890484273,22.7383090506417,-1.21116316623796,0.3,2.25,1.52,
6000,211.371744216471,69.9597219238462,1.81942035138467,-1.69438130766003,0.433224499225616,0.000391919602407143,22.2770617999857,-1.21785693087435,0.3,2.25,1.52,
6020,210.610549685986,69.7549621781766,1.82188667616172,-1.68890018023398,0.431573808193207,0.000392153742723167,21.8255712088293,-1.22449013140588,0.3,2.25,1.52,
6040,209.856543168114,69.5518030203254,1.82431930504625,-1.68345367579621,0.429932534694672,0.000392386340536177,21.3836303798327,-1.23106325050581,0.3,2.25,1.52,
6060,209.109625271424,69.3502283914042,1.82671865104982,-1.67804150262608,0.428300529718399,0.000392617395846173,20.9510319204107,-1.23757684046628,0.3,2.25,1.52,
6080,208.369697977592,69.1502225138245,1.82908512764299,-1.67266336992965,0.426677763462067,0.000392846908653155,20.5275753708643,-1.24403141244836,0.3,2.25,1.52,
6100,207.636666162666,68.9517700798473,1.83141902022274,-1.66731897065174,0.425064265727997,0.000393074937164783,20.1130968195984,-1.25042697293319,0.3,2.25,1.52,
6120,206.910436493141,68.7548546738058,1.83372078828344,-1.66200804975466,0.4234599173069,0.000393301452277228,19.7073687534489,-1.25676456550416,0.3,2.25,1.52,
6140,206.190914697718,68.5594613533343,1.83599089276934,-1.65673031268801,0.421864688396454,0.000393526453990489,19.3102047324601,-1.26304466892686,0.3,2.25,1.52,
6160,205.47800887753,68.3655753257443,1.83822972539359,-1.65148549240708,0.420278489589691,0.000393750000512227,18.921422173306,-1.26926775981084,0.3,2.25,1.52,
6180,204.771629216508,68.1731816892065,1.84043766921276,-1.64627331664668,0.418701261281967,0.000393972062738612,18.5408422832217,-1.27543431246144,0.3,2.25,1.52,
6200,204.071687257135,67.9822656276215,1.84261510385088,-1.6410935150629,0.417132973670959,0.000394192669773474,18.1682900299887,-1.28154479814759,0.3,2.25,1.52,
6220,203.378096195353,67.7928124549274,1.84476240560676,-1.63594581921268,0.415573507547379,0.000394411821616814,17.803594082986,-1.28759968482166,0.3,2.25,1.52,
6240,202.690770539944,67.6048076481424,1.84687994748942,-1.63082996330065,0.414022892713547,0.00039462954737246,17.4465867384702,-1.29359943710931,0.3,2.25,1.52,
6260,202.009626121507,67.4182368447603,1.84896809374617,-1.625745683618,0.412481039762497,0.000394845847040415,17.0971056612785,-1.2995444852353,0.3,2.25,1.52,
6280,201.334580270622,67.2330857762572,1.85102720800013,-1.62069272244874,0.410947948694229,0.000395060720620677,16.7549887623985,-1.30543531061122,0.3,2.25,1.52,
6300,200.665551333416,67.0493404328312,1.85305764873695,-1.61567080888275,0.409423530101776,0.000395274226320907,16.4200870921521,-1.31127222188062,0.3,2.25,1.52,
6320,200.002459687901,66.8669869377762,1.85505966053011,-1.61067970167028,0.40790781378746,0.000395486305933446,16.0922551865266,-1.31705551466485,0.3,2.25,1.52,
6340,199.34522674234,66.6860108241055,1.85703371829797,-1.60571914309178,0.40640065073967,0.000395697046769783,15.771320884722,-1.32278601218355,0.3,2.25,1.52,
6360,198.686620131877,66.5064703687974,1.85899175728828,-1.60084519712091,0.404908239841461,0.000395906332414597,15.45713778218,-1.32846414280695,0.3,2.25,1.52,
6380,198.010850384411,66.3294608572162,1.86091918024306,-1.59593141681535,0.403443038463593,0.000396112882299349,15.1495620423281,-1.33409034121469,0.3,2.25,1.52,
6400,197.366121184255,66.153017929868,1.86280116177222,-1.5910721213886,0.401965171098709,0.000396318995626643,14.848452660149,-1.33966504289629,0.3,2.25,1.52,
6420,196.731163697402,65.9775843056264,1.86466410077477,-1.58623598184742,0.400492459535599,0.000396524090319872,14.5536715028381,-1.34518868245395,0.3,2.25,1.52,
6440,196.102388618165,65.8034004777759,1.86650314856245,-1.58142750493816,0.399027585983276,0.000396727991756052,14.2650845432632,-1.35066166903748,0.3,2.25,1.52,
6460,195.479111514648,65.6305014580935,1.86831683500478,-1.57664774369863,0.397570937871933,0.000396930554416031,13.9825587388465,-1.3560844441025,0.3,2.25,1.52,
6480,194.861153659189,65.4588806744916,1.87010506739634,-1.57189662803569,0.396122574806213,0.000397131836507469,13.7059748837733,-1.36145723126428,0.3,2.25,1.52,
6500,194.248429428303,65.2885259834592,1.87186801131636,-1.56717395939827,0.39468252658844,0.000397331867134199,13.4352048223582,-1.36678047287429,0.3,2.25,1.52,
6520,193.640871445994,65.1194249633775,1.87360608614609,-1.56247950809443,0.393250733613968,0.000397530588088557,13.1701107226094,-1.37205485709129,0.3,2.25,1.52,
6540,193.038415149186,64.9515662481325,1.87531962965712,-1.55781306832694,0.391827195882797,0.000397728057578206,12.9105718786813,-1.37728078875069,0.3,2.25,1.52,
6560,192.440997267327,64.7849383628243,1.87700896215671,-1.55317443646371,0.390411823987961,0.000397924275603145,12.656469616563,-1.38245868042668,0.3,2.25,1.52,
6580,191.848555230529,64.6195297500263,1.87867440114936,-1.54856340522497,0.389004558324814,0.000398119242163375,12.4076875865146,-1.38758894592571,0.3,2.25,1.52,
6600,191.261026627403,64.4553288838521,1.88031625715213,-1.54397976418332,0.387605398893356,0.000398312986362726,12.1641131926103,-1.39267196943672,0.3,2.25,1.52,
6620,190.678349788426,64.2923242169287,1.88193484140695,-1.53942330657516,0.386214315891266,0.000398505479097366,11.9256335955229,-1.39770818776735,0.3,2.25,1.52,
6640,190.100462945899,64.1305044828094,1.88353039878335,-1.53489380857618,0.38483127951622,0.000398696778574958,11.692156991097,-1.4026976351833,0.3,2.25,1.52,
6660,189.527306276296,63.9698577893356,1.88510325772236,-1.53039107926464,0.383456200361252,0.000398886884795502,11.463557148389,-1.40764112499173,0.3,2.25,1.52,
6680,188.958819700623,63.8103729780721,1.88665378158957,-1.52591490336179,0.382089108228683,0.000399075768655166,11.2397285959364,-1.41253908079682,0.3,2.25,1.52,
6700,188.394943470183,63.6520390864603,1.88818227343637,-1.52146507916615,0.38072994351387,0.000399263488361612,11.0205693579744,-1.41739189634548,0.3,2.25,1.52,
6720,187.835618772731,63.4948450748458,1.8896890291788,-1.51704141049822,0.379378587007523,0.000399450014811009,10.8059793429775,-1.42219996916716,0.3,2.25,1.52,
6740,187.280787433448,63.3387799511979,1.89117433662342,-1.5126436974104,0.378035098314285,0.000399635377107188,10.5958618333038,-1.42696366596769,0.3,2.25,1.52,
6760,186.335820918428,63.8094166472604,1.89332801517665,-1.52501829146071,0.377013266086578,0.000399076903704554,10.3901242971587,-1.43168330120858,0.3,2.25,1.52,
6780,185.598820369246,63.9695155967847,1.89499820038129,-1.53072694769983,0.375817716121674,0.000398887292249128,10.18867722007,-1.43635916049499,0.3,2.25,1.52,
6800,184.981812957542,63.8963687829064,1.89647450190464,-1.52903489083954,0.37453705072403,0.000398973905248567,9.99141692074976,-1.44099190410616,0.3,2.25,1.52,
6820,184.393859789878,63.7565659840232,1.89788395739607,-1.52520417444437,0.373248100280762,0.000399139535147697,9.79825397482267,-1.44558190899979,0.3,2.25,1.52,
6840,183.818425831084,63.5985762353839,1.8992556150739,-1.52077788824982,0.371964037418365,0.000399326905608177,9.60910047024353,-1.45012955909323,0.3,2.25,1.52,
6860,183.252260356308,63.436570525481,1.90060145456299,-1.51620957053203,0.370686799287796,0.000399519223719835,9.42387122352874,-1.4546352151048,0.3,2.25,1.52,
6880,182.694233109076,63.2746726022675,1.90192642345227,-1.51163189680191,0.369416505098343,0.000399711570935324,9.2424857585401,-1.45909916339263,0.3,2.25,1.52,
6900,182.143575372724,63.1140366479399,1.9032323666053,-1.50708241225755,0.368153065443039,0.000399902637582272,9.06486251364722,-1.46352175590138,0.3,2.25,1.52,
6920,181.59966212648,62.9549382911653,1.90452005963504,-1.50257042324766,0.366896361112595,0.000400092016207054,8.89091302279248,-1.46790356077397,0.3,2.25,1.52,
6940,181.061984603247,62.7973995954415,1.90578983797531,-1.49809703355209,0.365646421909332,0.0004002797359135,8.72055817882169,-1.47224495733362,0.3,2.25,1.52,
6960,180.530133030388,62.6413753541902,1.90704191010519,-1.49366114437809,0.364403128623962,0.000400465825805441,8.55372063240965,-1.4765463210991,0.3,2.25,1.52,
6980,180.003776106872,62.4868080319868,1.90827645912179,-1.48926122400118,0.363166451454163,0.000400650344090536,8.39032504320669,-1.48080801618399,0.3,2.25,1.52,
7000,179.482641844373,62.333642988986,1.90949363614266,-1.48489579838458,0.361936450004578,0.000400833378080279,8.23030301541182,-1.48503026286943,0.3,2.25,1.52,
7020,178.966504214692,62.1818313317935,1.91069366934151,-1.48056357485364,0.360713064670563,0.000401014927774668,8.0735728491689,-1.48921367210489,0.3,2.25,1.52,
7040,178.455171341954,62.0313304783969,1.91187678982027,-1.47626342447854,0.359496235847473,0.000401195109589025,7.92006277029696,-1.49335863673704,0.3,2.25,1.52,
7060,177.948477297468,61.88210299753,1.91304321560392,-1.47199437135053,0.358285993337631,0.000401373894419521,7.76970284127276,-1.49746553998325,0.3,2.25,1.52,
7080,177.446276725279,61.7341156154935,1.91419316215907,-1.46775555811214,0.357082396745682,0.000401551340473816,7.62242605762736,-1.50153472361689,0.3,2.25,1.52,
7100,176.951237661804,61.587124768161,1.91532234300151,-1.46352668790156,0.355883032083511,0.000401727796997875,7.47816753309385,-1.50556650771083,0.3,2.25,1.52,
7120,176.468996101921,61.4400032297243,1.91643597639761,-1.45931451804111,0.354683727025986,0.000401904515456408,7.33685690176332,-1.5095614047121,0.3,2.25,1.52,
7140,175.981312180492,61.2949169936772,1.9175420105785,-1.45514362202375,0.353498369455338,0.000402078992919996,7.19842975526801,-1.51351980089726,0.3,2.25,1.52,
7160,175.495641468112,61.1513142986433,1.91862971447355,-1.45100978314566,0.352321028709412,0.000402251753257588,7.0628235992617,-1.51744206580248,0.3,2.25,1.52,
7180,175.013549821799,61.0089439880838,1.91970088926706,-1.44690655993567,0.35115048289299,0.000402423233026639,6.92998078801539,-1.52132846416014,0.3,2.25,1.52,
7200,174.535323696032,60.8677149013342,1.92075659408109,-1.44283140540902,0.349986404180527,0.000402593490434811,6.7998380081944,-1.5251794621341,0.3,2.25,1.52,
7220,174.060957483857,60.72758611723,1.92179731136284,-1.43878320076755,0.348828732967377,0.000402762554585934,6.67233608454806,-1.5289954431057,0.3,2.25,1.52,
7240,173.590382576921,60.5885319416126,1.92282332035352,-1.43476128308887,0.347677409648895,0.000402930454583839,6.54741800793278,-1.53277676211896,0.3,2.25,1.52,
7260,173.123522038898,60.4505318887632,1.9238348333591,-1.43076480870551,0.34653252363205,0.000403097248636186,6.42503044000943,-1.53652369720021,0.3,2.25,1.52,
7280,172.6602994062,60.3135679595011,1.92483206033253,-1.42679401242883,0.345393925905228,0.000403262878535315,6.30511693907333,-1.54023665523287,0.3,2.25,1.52,
7300,172.200644710276,60.1776234710013,1.92581521500013,-1.42284817080644,0.344261676073074,0.000403427460696548,6.18762369219642,-1.54391599817313,0.3,2.25,1.52,
7320,171.744492267836,60.0426829135967,1.92678450047709,-1.41892692176215,0.343135714530945,0.000403590907808393,6.07249909887931,-1.54756205300317,0.3,2.25,1.52,
7340,171.291779983746,59.9087316221543,1.9277401061131,-1.41502992570285,0.342016071081162,0.000403753336286172,5.95969350827631,-1.55117511752581,0.3,2.25,1.52,
7360,170.842449352252,59.7757555687442,1.92868223261006,-1.41115686366811,0.340902626514435,0.000403914687922224,5.84915605572735,-1.5547555611277,0.3,2.25,1.52,
7380,170.386688183409,59.6441624546328,1.92962238511127,-1.40732877852147,0.339802861213684,0.000404074467951432,5.74083803711995,-1.55830371706968,0.3,2.25,1.52,
7400,169.934987338152,59.5137043555973,1.93053533338726,-1.40351407571058,0.33870854973793,0.00040423302561976,5.63469316325294,-1.56181987128831,0.3,2.25,1.52,
7420,169.493040155031,59.3837855719214,1.93143412427952,-1.3997162903492,0.337615549564362,0.00040439103031531,5.53067450143531,-1.56530436212929,0.3,2.25,1.52,
7440,169.056135792693,59.2546573455048,1.932322634217,-1.39593809152254,0.336527347564697,0.000404548220103607,5.42873650554151,-1.56875751357234,0.3,2.25,1.52,
7460,168.622916259516,59.1264072682422,1.93319967938806,-1.39218154919268,0.335444867610931,0.000404704478569329,5.32883555089892,-1.57217961536567,0.3,2.25,1.52,
7480,168.192948884607,58.9990505182046,1.9340647377495,-1.3884470924963,0.334368348121643,0.000404859718400985,5.23092819209034,-1.57557098118454,0.3,2.25,1.52,
7500,167.766070194279,58.872582051544,1.93491774330968,-1.38473462509614,0.333297878503799,0.000405014026910067,5.13497196605875,-1.5789319211227,0.3,2.25,1.52,
7520,167.342198938741,58.7469923977262,1.93575879074381,-1.38104393586128,0.332233458757401,0.000405167345888913,5.04092592495519,-1.58226272192583,0.3,2.25,1.52,
7540,166.921280764035,58.6222715227012,1.93658802680831,-1.37737480138508,0.331175029277802,0.000405319762649015,4.94874953084846,-1.58556368491236,0.3,2.25,1.52,
7560,166.503271133754,58.4984096085252,1.93740561506232,-1.37372700753611,0.330122619867325,0.000405471218982711,4.85840330027306,-1.58883510276974,0.3,2.25,1.52,
7580,166.088129474247,58.3753971585938,1.93821172037601,-1.37010034736597,0.329076200723648,0.000405621743993834,4.76984875606636,-1.59207726028558,0.3,2.25,1.52,
7600,165.675817497721,58.2532249398888,1.93900650848661,-1.36649462264661,0.328035771846771,0.000405771366786212,4.68304807420652,-1.59529044650812,0.3,2.25,1.52,
7620,165.266298207482,58.1318839804802,1.93979014301444,-1.36290964086536,0.327001214027405,0.000405920058256015,4.59796443708667,-1.59847494115287,0.3,2.25,1.52,
7640,164.859535783108,58.0113655392325,1.94056278554237,-1.3593452153028,0.325972586870193,0.000406067876610905,4.51456170843992,-1.60163102591977,0.3,2.25,1.52,
7660,164.455495380147,57.8916611093506,1.94132459554648,-1.35580116556463,0.32494980096817,0.000406214792747051,4.43280465569189,-1.60475897552799,0.3,2.25,1.52,
7680,164.054143042891,57.772762417995,1.94207573042954,-1.35227731559508,0.323932856321335,0.000406360806664452,4.35265870964258,-1.6078590661578,0.3,2.25,1.52,
7700,163.65544569137,57.6546614392626,1.94281634582429,-1.34877349674252,0.32292178273201,0.00040650594746694,4.27409004666003,-1.61093157179075,0.3,2.25,1.52,
7720,163.259371144976,57.5373504036252,1.94354659557499,-1.3452895462336,0.321916460990906,0.000406650273362175,4.19706554952053,-1.61397676513834,0.3,2.25,1.52,
7740,162.865888075091,57.4208218254581,1.94426663148678,-1.34182530877569,0.320916920900345,0.000406793697038665,4.12155284057201,-1.61699491573805,0.3,2.25,1.52,
7760,162.474966070354,57.3050685344568,1.94497660296454,-1.33838063602467,0.319923132658005,0.000406936247600243,4.04752026733684,-1.61998628986765,0.3,2.25,1.52,
7780,162.086575610796,57.1900837218344,1.94567665741344,-1.33495539149164,0.318935006856918,0.000407077983254567,3.9749368868621,-1.62295115052007,0.3,2.25,1.52,
7800,161.700688190073,57.075861018333,1.94636693982588,-1.3315494478897,0.31795260310173,0.000407218874897808,3.90377244249942,-1.62588975770568,0.3,2.25,1.52,
7820,161.3172763896,56.9623946063058,1.94704759318891,-1.3281626945972,0.316975802183151,0.000407358893426135,3.83399734710727,-1.6288023685195,0.3,2.25,1.52,
7840,160.936314196453,56.8496794038569,1.94771875828631,-1.32479504202205,0.316004663705826,0.00040749812615104,3.76558266371654,-1.63168923733424,0.3,2.25,1.52,
7860,160.557777251794,56.7377113808069,1.94838057396039,-1.32144642868921,0.315039098262787,0.000407636485761032,3.69850009058158,-1.63455061583153,0.3,2.25,1.52,
7880,160.181644200033,56.6264875962173,1.94903317491172,-1.3181140925721,0.314079135656357,0.0004077740595676,3.63272194352729,-1.63738675316545,0.3,2.25,1.52,
7900,159.807896971172,56.5160094884266,1.94967669883098,-1.31480372502969,0.313124746084213,0.000407910818466917,3.56822114296893,-1.64019789594484,0.3,2.25,1.52,
7920,159.436522338939,56.4062822265034,1.95031127683411,-1.31151265844601,0.312175780534744,0.000408046675147489,3.50497119857302,-1.64298428833145,0.3,2.25,1.52,
7940,159.067524992192,56.2973248265798,1.95093703249052,-1.30824146321603,0.311232298612595,0.000408181716920808,3.44294619408706,-1.64574617214918,0.3,2.25,1.52,
7960,158.700972553023,56.1892126253246,1.95155405333015,-1.30499205111745,0.31029412150383,0.000408315798267722,3.38212077710655,-1.64848378678909,0.3,2.25,1.52,
7980,158.321091500756,56.0675172589848,1.9521718168525,-1.30137196033354,0.309372454881668,0.000408466788940132,3.32247014359303,-1.65119736936006,0.3,2.25,1.52,
8000,157.946654257545,55.9510310563986,1.95276479247327,-1.2978407853143,0.308453947305679,0.000408611464081332,3.26397002524921,-1.65388715472887,0.3,2.25,1.52,
8020,157.578620046462,55.8393723488965,1.95335007181633,-1.29446407040304,0.307537883520126,0.000408750202041119,3.20659667893755,-1.65655337547886,0.3,2.25,1.52,
8040,157.215068344139,55.7303538973736,1.95392963361468,-1.29116933054046,0.306625545024872,0.000408885796787217,3.15032687349671,-1.65919626199999,0.3,2.25,1.52,
8060,156.854974937662,55.6229953996919,1.95450271127225,-1.28792414441506,0.305717676877975,0.000409019383369014,3.09513788008565,-1.66181604242745,0.3,2.25,1.52,
8080,156.497799707731,55.516847951553,1.95506871309942,-1.28471378214778,0.304814487695694,0.000409151543863118,3.04100745829352,-1.66441294279166,0.3,2.25,1.52,
8100,156.1432437322,55.4116920346837,1.95562736794409,-1.28153111627815,0.303916186094284,0.000409282569307834,2.98791384738439,-1.6669871869383,0.3,2.25,1.52,
8120,155.791128784781,55.3074102748164,1.95617859087383,-1.27837240169104,0.303022891283035,0.000409412605222315,2.93583575449103,-1.66953899660425,0.3,2.25,1.52,
8140,155.441339083551,55.2039332646023,1.95672238948941,-1.27523546404017,0.302134603261948,0.00040954168071039,2.88475234344398,-1.67206859147722,0.3,2.25,1.52,
8160,155.093792655022,55.1012157207466,1.95725881658541,-1.27211891641306,0.301251351833344,0.000409669912187383,2.834643226391,-1.67457618912921,0.3,2.25,1.52,
8180,154.748426979064,54.9992254672244,1.95778794707163,-1.26902179757301,0.300373136997223,0.000409797328757122,2.78548845044254,-1.67706200520879,0.3,2.25,1.52,
8200,154.405191388923,54.8979380229022,1.95830986704567,-1.26594339272414,0.299499928951263,0.000409923901315778,2.73726849123884,-1.67952625330008,0.3,2.25,1.52,
8220,154.064042877554,54.7973337652491,1.95882466812383,-1.26288313775011,0.29863178730011,0.000410049746278673,2.68996424098808,-1.68196914506959,0.3,2.25,1.52,
8240,153.724943735533,54.6973963299188,1.95933244475347,-1.2598405762654,0.297768622636795,0.000410174805438146,2.64355699985536,-1.68439089025653,0.3,2.25,1.52,
8260,153.387859977264,54.5981116509191,1.95983329265323,-1.25681531894721,0.296910464763641,0.000410299107898027,2.5980284683707,-1.68679169661789,0.3,2.25,1.52,
8280,153.0527605084,54.4994673484389,1.96032730782032,-1.25380703016289,0.296057254076004,0.000410422711865976,2.55336073867243,-1.68917176994201,0.3,2.25,1.52,
8300,152.719616337078,54.4014523291673,1.96081458615761,-1.25081541635172,0.295209050178528,0.000410545617341995,2.50953628377758,-1.69153131417925,0.3,2.25,1.52,
8320,152.388400332745,54.3040564869718,1.96129522291599,-1.24784020869243,0.294365763664246,0.000410667766118422,2.46653795220602,-1.69387053129744,0.3,2.25,1.52,
8340,152.059086734044,54.2072705197434,1.96176931266939,-1.24488116815638,0.293527334928513,0.000410789274610579,2.42434896026862,-1.69618962126635,0.3,2.25,1.52,
8360,151.731650990571,54.1110857677116,1.96223694910257,-1.24193806936901,0.292693883180618,0.000410910055506974,2.38295288068796,-1.69848878225531,0.3,2.25,1.52,
8380,151.40606959313,54.0154941059469,1.96269822485574,-1.23901070766766,0.291865229606628,0.0004110301961191,2.34233364016454,-1.70076821034753,0.3,2.25,1.52,
8400,151.082319921508,53.9204878567208,1.96315323153092,-1.23609888927785,0.29104146361351,0.000411149638239294,2.30247550764372,-1.7030280997755,0.3,2.25,1.52,
8420,150.760380146649,53.8260597241117,1.9636020595748,-1.23320243204373,0.290222495794296,0.000411268469179049,2.26336308870545,-1.70526864282755,0.3,2.25,1.52,
8440,150.440229154177,53.7322027372587,1.96404479826827,-1.2303211611339,0.289408385753632,0.000411386601626873,2.22498131910311,-1.70749002980675,0.3,2.25,1.52,
8460,150.121846388231,53.6389102172566,1.96448153582092,-1.22745491316067,0.288599014282227,0.000411504122894257,2.1873154552361,-1.70969244917628,0.3,2.25,1.52,
8480,149.805211937886,53.5461757307908,1.96491235909819,-1.22460352878661,0.287794411182404,0.000411620974773541,2.15035106923683,-1.7118760874484,0.3,2.25,1.52,
8500,149.4903064067,53.4539930674021,1.96533735389279,-1.22176685774945,0.286994516849518,0.000411737215472385,2.11407404165779,-1.71404112921901,0.3,2.25,1.52,
8520,149.177110840778,53.3623562203383,1.96575660476368,-1.21894475275638,0.286199361085892,0.00041185287409462,2.07847055428157,-1.71618775720531,0.3,2.25,1.52,
8540,148.865606800934,53.2712593580886,1.96617019505569,-1.21613707300491,0.285408854484558,0.000411967863328755,2.04352708366936,-1.71831615224896,0.3,2.25,1.52,
8560,148.55577620965,53.1806968172448,1.96657820702484,-1.21334368111673,0.284623056650162,0.00041208227048628,2.00923039453203,-1.72042649333858,0.3,2.25,1.52,
8580,148.247601421678,53.0906630822158,1.96698072157162,-1.21056444412806,0.283841878175735,0.000412196037359536,1.97556753449128,-1.72251895755487,0.3,2.25,1.52,
8600,147.941065148252,53.0011527754989,1.96737781857326,-1.20779923307899,0.283065319061279,0.000412309222156182,1.94252582594161,-1.72459372020338,0.3,2.25,1.52,
8620,147.636150470728,52.9121606464659,1.96776957665774,-1.20504792140623,0.282293319702148,0.000412421795772389,1.91009286146212,-1.72665095473704,0.3,2.25,1.52,
8640,147.332840780688,52.8236815642323,1.96815607335674,-1.20231038623612,0.281525939702988,0.000412533816415817,1.87825649640247,-1.72869083286369,0.3,2.25,1.52,
8660,147.031119837693,52.735710505748,1.96853738500797,-1.19958650726006,0.280763030052185,0.000412645254982635,1.847004845917,-1.73071352437851,0.3,2.25,1.52,
8680,146.7309716771,52.6482425546291,1.96891358687535,-1.19687616720803,0.280004680156708,0.000412756082369015,1.81632627590245,-1.73271919739433,0.3,2.25,1.52,
8700,146.432380624962,52.5612728911721,1.96928475308576,-1.19417925048979,0.279250830411911,0.000412866356782615,1.78620939829151,-1.73470801830459,0.3,2.25,1.52,
8720,146.135331312332,52.4747967871377,1.96965095665794,-1.19149564459824,0.278501451015472,0.000412976078223437,1.75664306869456,-1.73668015159378,0.3,2.25,1.52,
8740,145.839808631254,52.3888096016323,1.97001226951046,-1.18882523857176,0.27775651216507,0.00041308521758765,1.72761637505945,-1.73863576025184,0.3,2.25,1.52,
8760,145.545797731825,52.303306778965,1.97036876255382,-1.18616792401608,0.27701598405838,0.000413193803979084,1.69911863845792,-1.74057500539178,0.3,2.25,1.52,
8780,145.253284041431,52.2182838386178,1.97072050554463,-1.18352359337889,0.276279896497726,0.000413301837397739,1.6711394045341,-1.74249804649581,0.3,2.25,1.52,
8800,144.962253208792,52.1337363795078,1.97106756726284,-1.18089214244107,0.275548160076141,0.000413409346947446,1.64366843959048,-1.74440504136019,0.3,2.25,1.52,
8820,144.672691144755,52.0496600689109,1.97141001541956,-1.17827346775393,0.274820774793625,0.000413516245316714,1.61669572477245,-1.74629614617737,0.3,2.25,1.52,
8840,144.384583961905,51.9660506488169,1.97174791677157,-1.17566746786419,0.274097681045532,0.000413622648920864,1.59021145341598,-1.74817151540489,0.3,2.25,1.52,
8860,144.097918030501,51.8829039218027,1.97208133697134,-1.17307404202844,0.273378908634186,0.000413728528656065,1.56420602377799,-1.75003130196476,0.3,2.25,1.52,
8880,143.812679917347,51.800215758767,1.97241034076277,-1.17049309215039,0.272664457559586,0.000413833855418488,1.53867003619347,-1.75187565714033,0.3,2.25,1.52,
8900,143.528856403099,51.7179820910411,1.9727349918976,-1.16792452093769,0.271954238414764,0.000413938687415794,1.51359428805176,-1.75370473063307,0.3,2.25,1.52,
8920,143.246434496003,51.6361989083709,1.9730553531536,-1.16536823282473,0.271248251199722,0.00041404296644032,1.48896976996566,-1.75551867054103,0.3,2.25,1.52,
8940,142.965401381158,51.5548622624559,1.97337148633917,-1.16282413314552,0.270546495914459,0.000414146750699729,1.46478766064216,-1.75731762343931,0.3,2.25,1.52,
8960,142.685744449004,51.4739682562779,1.97368345240767,-1.16029212887863,0.269848883152008,0.00041425004019402,1.44103932357275,-1.75910173433416,0.3,2.25,1.52,
8980,142.407451280823,51.3935130503004,1.97399131133631,-1.15777212821064,0.269155472517014,0.000414352747611701,1.41771630222519,-1.76087114673481,0.3,2.25,1.52,
9000,142.130509641146,51.3134928570802,1.97429512217061,-1.15526404030509,0.268466204404831,0.000414455018471926,1.39481031658177,-1.76262600263187,0.3,2.25,1.52,
9020,141.85490748675,51.233903939658,1.97459494310629,-1.15276777484098,0.267781049013138,0.000414556765463203,1.37231325921092,-1.76436644251668,0.3,2.25,1.52,
9040,141.580632952773,51.1547426093722,1.97489083145295,-1.15028324430999,0.267099976539612,0.000414658017689362,1.35021719183208,-1.76609260536893,0.3,2.25,1.52,
9060,141.307674324276,51.0760052319565,1.97518284367619,-1.14781036121312,0.266422986984253,0.000414758746046573,1.32851433959177,-1.76780462883086,0.3,2.25,1.52,
9080,141.036020091113,50.9976882131663,1.97547103532568,-1.14534903900936,0.265750050544739,0.000414859037846327,1.30719709088575,-1.76950264895341,0.3,2.25,1.52,
9100,140.765658877273,50.9197880122713,1.97575546117697,-1.14289919270548,0.265081167221069,0.000414958805777133,1.28625799158385,-1.77118680038538,0.3,2.25,1.52,
9120,140.496579499809,50.8423011255172,1.97603617512816,-1.14046073754255,0.2644162774086,0.000415058108046651,1.26568974100587,-1.77285721643651,0.3,2.25,1.52,
9140,140.228770907002,50.7652241007808,1.9763132302905,-1.13803359042626,0.26375538110733,0.000415156915551052,1.24548519038697,-1.77451402894448,0.3,2.25,1.52,
9160,139.96222221825,50.6885535242718,1.97658667896876,-1.1356176694084,0.263098388910294,0.000415255286497995,1.22563733888652,-1.77615736834382,0.3,2.25,1.52,
9180,139.696922703337,50.6122860263793,1.97685657266329,-1.13321289221648,0.262445420026779,0.000415353133575991,1.20613932861722,-1.77778736382653,0.3,2.25,1.52,
9200,139.432861784843,50.5364182760528,1.97712296209195,-1.13081917900569,0.261796325445175,0.000415450544096529,1.1869844456219,-1.77940414301288,0.3,2.25,1.52,
9220,139.170029020638,50.460946987249,1.9773858972235,-1.12843644988964,0.261151105165482,0.000415547488955781,1.16816611203233,-1.78100783236304,0.3,2.25,1.52,
9240,138.908414123463,50.3858689082998,1.97764542727894,-1.12606462609545,0.260509818792343,0.000415643968153745,1.14967788618421,-1.78259855693025,0.3,2.25,1.52,
9260,138.648006934123,50.3111808313968,1.97790160071387,-1.12370362988763,0.259872376918793,0.000415739981690422,1.13151345911919,-1.78417644041964,0.3,2.25,1.52,
9280,138.388797442831,50.2368795818376,1.97815446524013,-1.12135338392488,0.259238749742508,0.000415835587773472,1.11366664999599,-1.78574160535175,0.3,2.25,1.52,
9300,138.130775768227,50.162962026185,1.97840406788338,-1.11901381216718,0.258608907461166,0.000415930699091405,1.09613140557236,-1.78729417287813,0.3,2.25,1.52,
9320,137.873932167532,50.0894250635612,1.97865045493721,-1.11668483904751,0.257982909679413,0.00041602537385188,1.07890179745071,-1.78883426279178,0.3,2.25,1.52,
9340,137.61825701913,50.0162656325184,1.97889367199267,-1.11436638974469,0.257360637187958,0.00041611964115873,1.06197201694537,-1.79036199375878,0.3,2.25,1.52,
9360,137.363740837067,49.943480704402,1.97913376394954,-1.11205839043887,0.256742149591446,0.000416213413700461,1.04533637417425,-1.79187748318118,0.3,2.25,1.52,
9380,137.110374252953,49.8710672868631,1.97937077505835,-1.10976076806174,0.25612735748291,0.000416306778788567,1.02898929546917,-1.79338084721183,0.3,2.25,1.52,
9400,136.858148026083,49.7990224205055,1.97960474888053,-1.10747345019654,0.255516290664673,0.000416399707319215,1.0129253209745,-1.79487220075699,0.3,2.25,1.52,
9420,136.607053033534,49.7273431798982,1.97983572830068,-1.10519636495657,0.254908889532089,0.000416492199292406,0.997139102607107,-1.7963516574496,0.3,2.25,1.52,
9440,136.357080271434,49.656026672105,1.98006375560006,-1.10292944163894,0.254305154085159,0.000416584254708141,0.981625398701485,-1.79781932994047,0.3,2.25,1.52,
9460,136.108220852018,49.5850700360533,1.98028887237406,-1.10067260966821,0.253705084323883,0.000416675902670249,0.966379076579368,-1.79927532945004,0.3,2.25,1.52,
9480,135.860466000632,49.5144704436317,1.98051111963214,-1.09842579978245,0.253108620643616,0.000416767114074901,0.951395105479521,-1.80071976623246,0.3,2.25,1.52,
9500,135.613807053251,49.4442250977825,1.98073053775065,-1.09618894288259,0.252515763044357,0.000416857918025926,0.936668557827284,-1.80215274925496,0.3,2.25,1.52,
9520,135.368235459199,49.3743312300349,1.9809471664718,-1.0939619707363,0.251926481723785,0.000416948314523324,0.922194605367812,-1.80357438636991,0.3,2.25,1.52,
9540,135.123742771603,49.3047861052997,1.98116104500521,-1.09174481611048,0.2513407766819,0.000417038274463266,0.907968516649438,-1.80498478436641,0.3,2.25,1.52,
9560,134.880320652511,49.2355870157276,1.98137221189828,-1.08953741185242,0.250758618116379,0.000417127856053412,0.893985656778148,-1.80638404880024,0.3,2.25,1.52,
9580,134.637960866481,49.1667312837353,1.98158070515407,-1.08733969161808,0.250179976224899,0.000417217030189931,0.880241482632949,-1.80777228427892,0.3,2.25,1.52,
9600,134.396655279382,49.0982162622345,1.981786562205,-1.08515159003677,0.249604821205139,0.000417305767768994,0.866731544648326,-1.80914959409403,0.3,2.25,1.52,
9620,134.156395859607,49.0300393287928,1.98198981989723,-1.08297304171179,0.249033153057098,0.000417394126998261,0.853451479795973,-1.81051608074643,0.3,2.25,1.52,
9640,133.917174672193,48.9621978935778,1.9821905145757,-1.08080398272038,0.248464971780777,0.000417482078773901,0.840397016222327,-1.81187184528876,0.3,2.25,1.52,
9660,133.678983881096,48.894689388863,1.98238868198042,-1.07864434891751,0.247900232672691,0.000417569652199745,0.827563964293756,-1.81321698806592,0.3,2.25,1.52,
9680,133.441815743369,48.8275112805899,1.98258435734595,-1.07649407733772,0.247338905930519,0.000417656818171963,0.814948219916109,-1.81455160819643,0.3,2.25,1.52,
9700,133.205662611587,48.7606610557156,1.98277757536442,-1.07435310552161,0.246780976653099,0.000417743605794385,0.802545760600094,-1.81587580380625,0.3,2.25,1.52,
9720,132.9705169286,48.6941362304187,1.98296837023504,-1.07222137096447,0.24622642993927,0.000417830015067011,0.790352644477961,-1.81718967195979,0.3,2.25,1.52,
9740,132.736371229888,48.62793434667,1.98315677561312,-1.07009881235141,0.245675265789032,0.000417916016886011,0.778365007381152,-1.81849330880249,0.3,2.25,1.52,
9760,132.503218138679,48.5620529707971,1.98334282466675,-1.06798536908888,0.245127439498901,0.000418001640355214,0.766579063339134,-1.81978680933751,0.3,2.25,1.52,
9780,132.271050364778,48.4964896968868,1.98352655006256,-1.06588098082615,0.244582936167717,0.000418086914578453,0.754991100344552,-1.82107026772014,0.3,2.25,1.52,
9800,132.039860706055,48.431242142222,1.98370798399029,-1.06378558762446,0.244041755795479,0.000418171752244234,0.743597480919698,-1.82234377703277,0.3,2.25,1.52,
9820,131.809642043093,48.3663079473508,1.98388715813419,-1.06169913034714,0.243503868579865,0.00041825626976788,0.732394639860274,-1.82360742937048,0.3,2.25,1.52,
9840,131.580387341977,48.3016847798765,1.98406410373679,-1.05962155004262,0.242969244718552,0.000418340438045561,0.721379081649527,-1.82486131597248,0.3,2.25,1.52,
9860,131.352089647707,48.2373703294229,1.98423885155483,-1.05755278898124,0.242437854409218,0.000418424169765785,0.710547380481509,-1.82610552706276,0.3,2.25,1.52,
9880,131.124742086828,48.1733623099738,1.98441143188891,-1.05549278922545,0.241909727454185,0.000418507552240044,0.699896178470054,-1.82734015189643,0.3,2.25,1.52,
9900,130.898337867177,48.109658458384,1.98458187459224,-1.05344149398448,0.241384819149971,0.000418590585468337,0.689422183881294,-1.82856527880898,0.3,2.25,1.52,
9920,130.67287027132,48.0462565343423,1.98475020905484,-1.05139884607159,0.240863099694252,0.000418673269450665,0.679122168922748,-1.82978099532393,0.3,2.25,1.52,
9940,130.448332662031,47.9831543209364,1.98491646427357,-1.04936478986432,0.240344554185867,0.000418755604187027,0.668992969874867,-1.83098738798903,0.3,2.25,1.52,
9960,130.224718472832,47.9203496224724,1.98508066877005,-1.04733926973117,0.239829182624817,0.000418837560573593,0.659031485833387,-1.83218454237421,0.3,2.25,1.52,
9980,130.002021215939,47.8578402659572,1.98524285066694,-1.04532223021541,0.239316955208778,0.000418919138610363,0.649234676073791,-1.83337254324022,0.3,2.25,1.52,
10000,129.780234476331,47.7956241007073,1.98540303765212,-1.0433136170182,0.238807842135429,0.000419000425608829,0.639599558318741,-1.83455147460843,0.3,2.25,1.52,
10020,129.5593519027,47.7336989957561,1.98556125703051,-1.04131337594715,0.238301858305931,0.000419081305153668,0.630123211381155,-1.8357214192945,0.3,2.25,1.52,
10040,129.339367225774,47.6720628424097,1.98571753566649,-1.03932145323742,0.237798944115639,0.000419161893660203,0.620802768515682,-1.83688245958215,0.3,2.25,1.52,
10060,129.120274242178,47.6107135537105,1.9858719000557,-1.03733779554252,0.237299129366875,0.000419242132920772,0.611635420658196,-1.83803467668813,0.3,2.25,1.52,
10080,128.902066815117,47.5496490622479,1.98602437628183,-1.03536235043175,0.236802339553833,0.000419321964727715,0.602618412153853,-1.83917815115741,0.3,2.25,1.52,
10100,128.684738872314,47.4888673193864,1.98617499006539,-1.03339506532953,0.236308604478836,0.000419401505496353,0.59374904201625,-1.84031296257183,0.3,2.25,1.52,
10120,128.468284414972,47.4283663001384,1.98632376671652,-1.03143588860842,0.235817894339561,0.000419480697019026,0.585024661412778,-1.84143918973478,0.3,2.25,1.52,
10140,128.252697503616,47.368143996469,1.98647073121575,-1.0294847688407,0.235330179333687,0.000419559568399563,0.576442672074503,-1.8425569107477,0.3,2.25,1.52,
10160,128.037972269741,47.3081984216849,1.98661590812846,-1.02754165502191,0.234845459461212,0.000419638090534136,0.568000527315703,-1.84366620274867,0.3,2.25,1.52,
10180,127.824102900728,47.2485276073331,1.98675932168257,-1.02560649671254,0.234363704919815,0.000419716292526573,0.559695729356463,-1.84476714213173,0.3,2.25,1.52,
10200,127.61108365004,47.1891296041605,1.98690099575068,-1.0236792435308,0.233884900808334,0.000419794174376875,0.551525828715663,-1.84585980450249,0.3,2.25,1.52,
10220,127.398908832161,47.1300024818128,1.98704095384348,-1.02175984622931,0.23340904712677,0.000419871706981212,0.543488422070963,-1.84694426484152,0.3,2.25,1.52,
10240,127.1875728218,47.0711443296912,1.98717921914005,-1.01984825543001,0.232936099171638,0.000419948948547244,0.535581155087683,-1.84802059699942,0.3,2.25,1.52,
10260,126.977070054319,47.0125532540931,1.98731581445732,-1.01794442223888,0.232466042041779,0.00042002581176348,0.52780171491619,-1.8490888745924,0.3,2.25,1.52,
10280,126.76739502384,46.9542273802836,1.98745076230673,-1.01604829844033,0.231998905539513,0.000420102383941412,0.520147836690587,-1.85014916999985,0.3,2.25,1.52,
10300,126.558542283778,46.8961648510336,1.98758408484676,-1.01415983597266,0.231534600257874,0.000420178665081039,0.512617297650608,-1.85120155504789,0.3,2.25,1.52,
10320,126.350506435318,46.8383638267657,1.98771580392768,-1.01227898717792,0.231073155999184,0.00042025456787087,0.505207916920801,-1.85224610093081,0.3,2.25,1.52,
10340,126.14328214868,46.7808224860595,1.98784594106326,-1.01040570496804,0.230614572763443,0.000420330237830058,0.497917556744642,-1.85328287792254,0.3,2.25,1.52,
10360,125.936864139574,46.7235390240216,1.987974517462,-1.00853994244121,0.230158805847168,0.000420405529439449,0.490744119022374,-1.85431195575175,0.3,2.25,1.52,
10380,125.731247172421,46.6665116516314,1.98810155403659,-1.00668165330692,0.229705810546875,0.000420480559114367,0.483685545858427,-1.85533340341627,0.3,2.25,1.52,
10400,125.526426097057,46.6097386013772,1.9882270713513,-1.00483079157653,0.229255631566048,0.000420555268647149,0.476739820242697,-1.8563472889701,0.3,2.25,1.52,
10420,125.322395776783,46.5532181184419,1.98835108973111,-1.00298731153455,0.228808209300041,0.000420629599830136,0.469904961232618,-1.85735368011467,0.3,2.25,1.52,
10440,125.1191511434,46.4969484621319,1.98847362915558,-1.00115116793662,0.228363558650017,0.000420703727286309,0.463179026733162,-1.85835264369004,0.3,2.25,1.52,
10460,124.916687189897,46.4409279143834,1.98859470933486,-0.999322315897305,0.227921634912491,0.000420777505496517,0.45656011144804,-1.85934424586765,0.3,2.25,1.52,
10480,124.71499894222,46.3851547693756,1.98871434969847,-0.997500711037971,0.227482452988625,0.00042085099266842,0.450046346560478,-1.86032855209298,0.3,2.25,1.52,
10500,124.514081482037,46.3296273365822,1.9888325693831,-0.995686309081966,0.227045968174934,0.000420924159698188,0.44363589728813,-1.86130562735255,0.3,2.25,1.52,
10520,124.313929950129,46.2743439437115,1.98894938724041,-0.993879066333459,0.226612165570259,0.000420997093897313,0.437326964944349,-1.86227553576112,0.3,2.25,1.52,
10540,124.114539519343,46.2193029310074,1.98906482187123,-0.99207893934103,0.226181074976921,0.000421069649746642,0.431117783937947,-1.86323834091729,0.3,2.25,1.52,
10560,123.915905423532,46.1645026566157,1.98917889158425,-0.990285884906278,0.225752621889114,0.000421142001869157,0.42500662265324,-1.86419410567035,0.3,2.25,1.52,
10580,123.718022936565,46.1099414926088,1.98929161444075,-0.988499860523969,0.225326806306839,0.000421214004745707,0.418991781745265,-1.86514289228619,0.3,2.25,1.52,
10600,123.520887382303,46.0556178266956,1.98940300822891,-0.986720823807049,0.224903643131256,0.000421285716583952,0.413071593269918,-1.86608476249036,0.3,2.25,1.52,
10620,123.324494132982,46.0015300600584,1.98951309048673,-0.984948732679792,0.224483087658882,0.000421357166487724,0.407244422149792,-1.8670197771388,0.3,2.25,1.52,
10640,123.128838586917,45.9476766088372,1.98962187850654,-0.983183545456536,0.224065154790878,0.00042142829624936,0.401508661470621,-1.86794799687595,0.3,2.25,1.52,
10660,122.933916211243,45.8940559046651,1.98972938931547,-0.981425220844557,0.2236497849226,0.000421499193180352,0.39586273743087,-1.86886948124642,0.3,2.25,1.52,
10680,122.739722503001,45.8406663926398,1.98983563970358,-0.979673717703022,0.223236992955208,0.00042156976996921,0.390305102666773,-1.86978428968417,0.3,2.25,1.52,
10700,122.54625300486,45.7875065320944,1.98994064622995,-0.977928995682178,0.22282674908638,0.000421640084823594,0.384834241027152,-1.87069248064564,0.3,2.25,1.52,
10720,122.353503310197,45.7345747966656,1.99004442518555,-0.976191013915382,0.222419053316116,0.000421710108639672,0.379448663604478,-1.87159411216987,0.3,2.25,1.52,
10740,122.161469045739,45.6818696732819,1.99014699265383,-0.974459732758549,0.222013905644417,0.000421779841417447,0.37414690907111,-1.87248924173935,0.3,2.25,1.52,
10760,121.97014587711,45.6293896617589,1.99024836449398,-0.972735112440318,0.221611261367798,0.000421849312260747,0.368927543809533,-1.87337792617045,0.3,2.25,1.52,
10780,121.779529512035,45.5771332768097,1.99034855631657,-0.971017113460947,0.221211105585098,0.000421918521169573,0.363789160412823,-1.87426022178091,0.3,2.25,1.52,
10800,121.589615703896,45.5250990454795,1.99044758352069,-0.96930569684406,0.220813438296318,0.000421987468143925,0.358730377389738,-1.87513618435804,0.3,2.25,1.52,
